{"stats":{"minecraft:crafted":{"minecraft:warped_planks":16,"minecraft:crimson_planks":16,"minecraft:oak_planks":8},"minecraft:mined":{"minecraft:podzol":3,"minecraft:coarse_dirt":2,"minecraft:warped_stem":2,"minecraft:dirt":2,"minecraft:mycelium":2,"minecraft:clay":1,"minecraft:oak_leaves":1,"minecraft:crimson_stem":3,"minecraft:grass_block":1},"minecraft:used":{"minecraft:dirt":11,"minecraft:coarse_dirt":2},"minecraft:picked_up":{"minecraft:clay_ball":8,"minecraft:crimson_stem":4,"minecraft:warped_stem":4,"minecraft:oak_log":2,"minecraft:rooted_dirt":2,"minecraft:moss_block":1,"minecraft:dirt":19,"minecraft:coarse_dirt":2},"minecraft:custom":{"minecraft:time_since_rest":1907,"minecraft:crouch_one_cm":2009,"minecraft:damage_taken":4247,"minecraft:sprint_one_cm":22807,"minecraft:play_time":20776,"minecraft:deaths":12,"minecraft:walk_one_cm":30475,"minecraft:sneak_time":1331,"minecraft:drop":1,"minecraft:jump":153,"minecraft:damage_dealt":252,"minecraft:leave_game":3,"minecraft:time_since_death":1771,"minecraft:total_world_time":20776,"minecraft:open_chest":1,"minecraft:interact_with_crafting_table":1,"minecraft:fall_one_cm":1103,"minecraft:fly_one_cm":28607,"minecraft:player_kills":3},"minecraft:dropped":{"minecraft:dirt":1},"minecraft:killed_by":{"midnightlurker:void_hands":1,"old_goatman:old_goatman":1,"minecraft:player":5}},"DataVersion":3120}