{"stats":{"minecraft:mined":{"minecraft:dark_oak_planks":3,"minecraft:deepslate_tiles":4,"minecraft:tuff":2,"minecraft:dark_oak_log":6,"minecraft:granite":2,"minecraft:grass_block":26,"minecraft:deepslate_bricks":4,"minecraft:moss_block":14,"minecraft:rooted_dirt":10,"minecraft:carrots":5,"minecraft:cobbled_deepslate":3,"minecraft:andesite":8,"minecraft:green_terracotta":6,"minecraft:deepslate_lapis_ore":3,"minecraft:deepslate_iron_ore":1,"minecraft:packed_ice":1,"minecraft:stone":10,"minecraft:tripwire":1,"minecraft:podzol":3,"minecraft:oak_slab":7,"minecraft:clay":3,"minecraft:torch":7,"minecraft:light_gray_terracotta":10,"minecraft:calcite":2,"minecraft:chest":2,"minecraft:oak_planks":13,"minecraft:wall_torch":3,"minecraft:amethyst_block":11,"minecraft:birch_planks":1,"minecraft:birch_log":7,"minecraft:oak_log":14,"minecraft:gravel":2,"minecraft:dripstone_block":5,"minecraft:dirt":13,"minecraft:deepslate":1},"minecraft:custom":{"minecraft:mob_kills":4,"minecraft:interact_with_crafting_table":7,"minecraft:leave_game":3,"minecraft:time_since_death":2307,"minecraft:sprint_one_cm":278450,"minecraft:walk_one_cm":447154,"minecraft:drop":20,"minecraft:play_time":179992,"minecraft:deaths":18,"minecraft:sneak_time":29474,"minecraft:jump":1168,"minecraft:total_world_time":179992,"minecraft:interact_with_furnace":8,"minecraft:time_since_rest":2335,"minecraft:damage_taken":7994,"minecraft:damage_dealt":1125,"minecraft:fly_one_cm":136091,"minecraft:player_kills":3,"minecraft:open_chest":38,"minecraft:crouch_one_cm":77040,"minecraft:fall_one_cm":17598},"minecraft:crafted":{"minecraft:wooden_sword":1,"minecraft:oak_planks":184,"minecraft:lightning_rod":1,"minecraft:cooked_mutton":5,"minecraft:iron_boots":1,"minecraft:stone_pickaxe":1,"minecraft:dark_oak_planks":24,"minecraft:cooked_beef":8,"minecraft:spruce_planks":8,"minecraft:wooden_pickaxe":1,"minecraft:copper_ingot":3,"minecraft:birch_planks":28,"minecraft:stick":16,"minecraft:iron_ingot":6,"minecraft:wooden_axe":1},"minecraft:used":{"minecraft:moss_block":17,"minecraft:stone_sword":40,"minecraft:spruce_planks":8,"minecraft:chest":5,"minecraft:green_terracotta":9,"minecraft:torch":11,"minecraft:dirt":26,"minecraft:mutton":4,"minecraft:carrot":23,"minecraft:tuff":5,"minecraft:granite":10,"minecraft:wooden_axe":14,"minecraft:dark_oak_planks":26,"minecraft:flowering_azalea":1,"minecraft:rooted_dirt":14,"minecraft:cooked_beef":8,"minecraft:cobbled_deepslate":11,"minecraft:calcite":27,"minecraft:cooked_mutton":2,"minecraft:amethyst_block":23,"minecraft:birch_planks":4,"minecraft:stone_pickaxe":93,"minecraft:oak_planks":235,"minecraft:wooden_pickaxe":9,"minecraft:deepslate_bricks":8,"minecraft:oak_slab":1,"minecraft:mushroom_stew":2,"minecraft:light_gray_terracotta":10,"minecraft:dripstone_block":72,"minecraft:lightning_rod":1,"minecraft:deepslate_tiles":11,"minecraft:oak_log":4,"minecraft:string":2,"minecraft:spruce_sapling":1,"minecraft:cobblestone":2,"minecraft:andesite":5,"minecraft:candle":10},"minecraft:killed_by":{"minecraft:player":2,"minecraft:spider":1,"cartoon_dweller:cartoon_dweller":1,"mimicer:mimicer":1,"minecraft:skeleton":1},"minecraft:dropped":{"minecraft:iron_ingot":1,"minecraft:oak_slab":2,"minecraft:dark_oak_sapling":1,"minecraft:tropical_fish":1,"minecraft:dirt":25,"minecraft:flowering_azalea":1,"minecraft:raw_copper":34,"minecraft:oak_sapling":2,"minecraft:calcite":20},"minecraft:killed":{"minecraft:spider":2,"minecraft:zombie":2,"minecraft:stray":1},"minecraft:picked_up":{"minecraft:chicken":1,"minecraft:clay_ball":4,"minecraft:amethyst_block":28,"minecraft:string":2,"minecraft:raw_copper":49,"minecraft:wooden_sword":1,"minecraft:deepslate_tiles":11,"minecraft:cobbled_deepslate":18,"minecraft:candle":12,"minecraft:beef":3,"minecraft:calcite":50,"minecraft:wooden_shovel":2,"minecraft:chest":6,"minecraft:egg":2,"minecraft:tipped_arrow":1,"minecraft:dark_oak_sapling":3,"minecraft:raw_iron":5,"minecraft:copper_ingot":1,"minecraft:torch":15,"minecraft:acacia_log":5,"minecraft:porkchop":1,"minecraft:diorite":21,"minecraft:carrot":13,"minecraft:green_terracotta":10,"minecraft:dark_oak_planks":3,"minecraft:stone_sword":4,"minecraft:arrow":2,"minecraft:rotten_flesh":9,"minecraft:tropical_fish":1,"minecraft:deepslate_bricks":9,"minecraft:glow_berries":19,"minecraft:cobblestone":20,"minecraft:birch_log":7,"minecraft:feather":2,"minecraft:andesite":22,"minecraft:salmon":2,"minecraft:leather":2,"minecraft:birch_planks":1,"minecraft:ice":2,"minecraft:mushroom_stew":2,"minecraft:tuff":5,"minecraft:oak_log":52,"minecraft:gunpowder":1,"minecraft:lapis_lazuli":13,"minecraft:dirt":59,"minecraft:bone":3,"minecraft:wheat_seeds":2,"minecraft:small_dripleaf":4,"minecraft:raw_gold":2,"minecraft:rabbit_hide":2,"minecraft:stone_pickaxe":9,"minecraft:moss_block":79,"minecraft:oak_planks":11,"minecraft:stone_hoe":5,"minecraft:flowering_azalea":2,"minecraft:oak_slab":7,"minecraft:smooth_basalt":11,"minecraft:dripstone_block":73,"minecraft:gravel":3,"minecraft:spruce_sapling":2,"minecraft:spruce_log":2,"minecraft:dark_oak_log":9,"minecraft:light_gray_terracotta":14,"minecraft:white_concrete_powder":2,"minecraft:granite":13,"minecraft:terracotta":9,"minecraft:rooted_dirt":25,"minecraft:oak_sapling":3,"minecraft:coal":1}},"DataVersion":3120}