{"stats":{"minecraft:picked_up":{"minecraft:clay_ball":4,"minecraft:crimson_stem":1,"minecraft:warped_stem":2,"minecraft:oak_log":2,"minecraft:rooted_dirt":2,"minecraft:moss_block":1,"minecraft:dirt":8},"minecraft:crafted":{"minecraft:warped_planks":8,"minecraft:crimson_planks":4,"minecraft:oak_planks":8},"minecraft:killed_by":{"minecraft:player":1},"minecraft:custom":{"minecraft:time_since_rest":2300,"minecraft:crouch_one_cm":833,"minecraft:sprint_one_cm":7927,"minecraft:play_time":5723,"minecraft:damage_taken":754,"minecraft:deaths":2,"minecraft:walk_one_cm":10458,"minecraft:sneak_time":527,"minecraft:jump":48,"minecraft:damage_dealt":16,"minecraft:leave_game":1,"minecraft:time_since_death":2273,"minecraft:total_world_time":5723,"minecraft:fall_one_cm":267,"minecraft:fly_one_cm":11052}},"DataVersion":3120}