{"stats":{"minecraft:crafted":{"minecraft:warped_planks":60,"minecraft:oak_slab":24,"minecraft:oak_planks":56,"minecraft:crimson_planks":40,"minecraft:warped_slab":12,"minecraft:stick":4,"minecraft:wooden_axe":1,"minecraft:wooden_pickaxe":1,"minecraft:crimson_slab":30,"minecraft:warped_button":1,"minecraft:moss_carpet":3},"minecraft:mined":{"minecraft:podzol":8,"minecraft:oak_slab":2,"minecraft:coarse_dirt":11,"minecraft:oak_sapling":2,"minecraft:warped_planks":2,"minecraft:moss_carpet":1,"minecraft:clay":7,"minecraft:grass_block":10,"minecraft:oak_log":10,"minecraft:mycelium":6,"minecraft:crimson_slab":5,"minecraft:warped_stem":11,"minecraft:dirt":20,"minecraft:crimson_planks":3,"minecraft:moss_block":7,"minecraft:oak_leaves":49,"minecraft:rooted_dirt":9,"minecraft:crimson_stem":7},"minecraft:used":{"minecraft:moss_block":1,"minecraft:moss_carpet":4,"minecraft:string":2,"minecraft:warped_slab":12,"minecraft:crimson_slab":35,"minecraft:crimson_planks":21,"minecraft:dirt":13,"minecraft:oak_slab":27,"minecraft:oak_sapling":1,"minecraft:coarse_dirt":3,"minecraft:warped_planks":45,"minecraft:wooden_axe":12},"minecraft:picked_up":{"minecraft:coarse_dirt":11,"minecraft:crimson_stem":10,"minecraft:clay_ball":40,"minecraft:oak_log":14,"minecraft:crimson_planks":3,"minecraft:warped_planks":2,"minecraft:string":2,"minecraft:dirt":49,"minecraft:moss_carpet":1,"minecraft:warped_stem":15,"minecraft:rooted_dirt":12,"minecraft:oak_sapling":7,"minecraft:moss_block":8,"minecraft:stick":6,"minecraft:crimson_slab":5,"minecraft:oak_slab":4},"minecraft:custom":{"minecraft:time_since_rest":2634,"minecraft:sprint_one_cm":156473,"minecraft:damage_taken":13952,"minecraft:walk_one_cm":106015,"minecraft:drop":1,"minecraft:damage_dealt":966,"minecraft:interact_with_crafting_table":8,"minecraft:fly_one_cm":127871,"minecraft:player_kills":7,"minecraft:open_chest":2,"minecraft:crouch_one_cm":26778,"minecraft:play_time":78808,"minecraft:deaths":38,"minecraft:sneak_time":12156,"minecraft:jump":517,"minecraft:leave_game":5,"minecraft:time_since_death":2318,"minecraft:total_world_time":78808,"minecraft:fall_one_cm":4464},"minecraft:dropped":{"minecraft:dirt":1},"minecraft:killed_by":{"midnightlurker:void_hands":1,"old_goatman:old_goatman":1,"minecraft:player":13,"minecraft:zombie":1}},"DataVersion":3120}