{"stats":{"minecraft:mined":{"minecraft:podzol":3,"minecraft:oak_slab":2,"minecraft:deepslate_tiles":3,"minecraft:tuff":2,"minecraft:dark_oak_log":6,"minecraft:clay":3,"minecraft:granite":1,"minecraft:grass_block":26,"minecraft:chest":2,"minecraft:deepslate_bricks":1,"minecraft:oak_planks":7,"minecraft:wall_torch":1,"minecraft:amethyst_block":6,"minecraft:birch_log":7,"minecraft:andesite":2,"minecraft:deepslate_lapis_ore":3,"minecraft:oak_log":14,"minecraft:gravel":2,"minecraft:dirt":13,"minecraft:packed_ice":1,"minecraft:stone":10},"minecraft:custom":{"minecraft:interact_with_furnace":5,"minecraft:mob_kills":2,"minecraft:interact_with_crafting_table":6,"minecraft:leave_game":3,"minecraft:time_since_death":5160,"minecraft:time_since_rest":5185,"minecraft:sprint_one_cm":89907,"minecraft:damage_taken":3055,"minecraft:walk_one_cm":206769,"minecraft:drop":4,"minecraft:damage_dealt":660,"minecraft:fly_one_cm":59839,"minecraft:open_chest":16,"minecraft:crouch_one_cm":22793,"minecraft:play_time":77992,"minecraft:deaths":7,"minecraft:sneak_time":11689,"minecraft:jump":424,"minecraft:total_world_time":77992,"minecraft:fall_one_cm":2681},"minecraft:crafted":{"minecraft:cooked_beef":1,"minecraft:wooden_sword":1,"minecraft:oak_planks":80,"minecraft:spruce_planks":8,"minecraft:wooden_pickaxe":1,"minecraft:lightning_rod":1,"minecraft:copper_ingot":3,"minecraft:birch_planks":24,"minecraft:cooked_mutton":5,"minecraft:iron_boots":1,"minecraft:stick":16,"minecraft:iron_ingot":5,"minecraft:stone_pickaxe":1,"minecraft:wooden_axe":1,"minecraft:dark_oak_planks":24},"minecraft:used":{"minecraft:cooked_mutton":2,"minecraft:amethyst_block":13,"minecraft:stone_pickaxe":27,"minecraft:oak_planks":138,"minecraft:chest":1,"minecraft:spruce_planks":8,"minecraft:wooden_pickaxe":9,"minecraft:torch":3,"minecraft:dirt":25,"minecraft:mutton":4,"minecraft:mushroom_stew":2,"minecraft:lightning_rod":1,"minecraft:oak_log":4,"minecraft:dark_oak_planks":8,"minecraft:wooden_axe":14,"minecraft:spruce_sapling":1,"minecraft:cobblestone":2,"minecraft:cooked_beef":1,"minecraft:candle":1},"minecraft:killed_by":{"minecraft:player":1,"minecraft:skeleton":1,"cartoon_dweller:cartoon_dweller":1},"minecraft:dropped":{"minecraft:oak_slab":2,"minecraft:dirt":22},"minecraft:killed":{"minecraft:stray":1},"minecraft:picked_up":{"minecraft:birch_log":7,"minecraft:feather":2,"minecraft:chicken":1,"minecraft:clay_ball":4,"minecraft:salmon":2,"minecraft:andesite":7,"minecraft:leather":2,"minecraft:ice":2,"minecraft:mushroom_stew":2,"minecraft:tuff":5,"minecraft:oak_log":26,"minecraft:amethyst_block":13,"minecraft:lapis_lazuli":13,"minecraft:dirt":55,"minecraft:raw_copper":15,"minecraft:wooden_sword":1,"minecraft:bone":3,"minecraft:deepslate_tiles":4,"minecraft:wheat_seeds":2,"minecraft:candle":8,"minecraft:cobbled_deepslate":4,"minecraft:rabbit_hide":2,"minecraft:beef":3,"minecraft:stone_pickaxe":7,"minecraft:calcite":3,"minecraft:wooden_shovel":2,"minecraft:chest":2,"minecraft:oak_planks":6,"minecraft:egg":2,"minecraft:tipped_arrow":1,"minecraft:dark_oak_sapling":2,"minecraft:oak_slab":3,"minecraft:copper_ingot":1,"minecraft:torch":6,"minecraft:porkchop":1,"minecraft:spruce_sapling":2,"minecraft:diorite":8,"minecraft:spruce_log":2,"minecraft:dark_oak_log":9,"minecraft:arrow":2,"minecraft:white_concrete_powder":2,"minecraft:deepslate_bricks":3,"minecraft:granite":4,"minecraft:terracotta":9,"minecraft:oak_sapling":1,"minecraft:cobblestone":12}},"DataVersion":3120}