{"stats":{"minecraft:mined":{"minecraft:podzol":3,"minecraft:oak_slab":2,"minecraft:deepslate_tiles":3,"minecraft:tuff":2,"minecraft:dark_oak_log":6,"minecraft:clay":3,"minecraft:granite":2,"minecraft:grass_block":26,"minecraft:chest":2,"minecraft:deepslate_bricks":4,"minecraft:moss_block":1,"minecraft:oak_planks":8,"minecraft:rooted_dirt":3,"minecraft:wall_torch":2,"minecraft:amethyst_block":7,"minecraft:carrots":1,"minecraft:birch_log":7,"minecraft:cobbled_deepslate":1,"minecraft:green_terracotta":1,"minecraft:andesite":2,"minecraft:deepslate_lapis_ore":3,"minecraft:oak_log":14,"minecraft:gravel":2,"minecraft:dirt":13,"minecraft:packed_ice":1,"minecraft:stone":10,"minecraft:dark_oak_planks":2},"minecraft:custom":{"minecraft:interact_with_furnace":8,"minecraft:mob_kills":2,"minecraft:interact_with_crafting_table":7,"minecraft:leave_game":3,"minecraft:time_since_death":3712,"minecraft:time_since_rest":3737,"minecraft:sprint_one_cm":185669,"minecraft:damage_taken":3936,"minecraft:walk_one_cm":288838,"minecraft:drop":6,"minecraft:damage_dealt":869,"minecraft:fly_one_cm":92458,"minecraft:player_kills":1,"minecraft:open_chest":37,"minecraft:crouch_one_cm":55422,"minecraft:play_time":119992,"minecraft:deaths":9,"minecraft:sneak_time":21881,"minecraft:jump":686,"minecraft:total_world_time":119992,"minecraft:fall_one_cm":5918},"minecraft:crafted":{"minecraft:cooked_beef":8,"minecraft:wooden_sword":1,"minecraft:oak_planks":80,"minecraft:spruce_planks":8,"minecraft:wooden_pickaxe":1,"minecraft:lightning_rod":1,"minecraft:copper_ingot":3,"minecraft:birch_planks":28,"minecraft:cooked_mutton":5,"minecraft:iron_boots":1,"minecraft:stick":16,"minecraft:iron_ingot":6,"minecraft:stone_pickaxe":1,"minecraft:wooden_axe":1,"minecraft:dark_oak_planks":24},"minecraft:used":{"minecraft:moss_block":17,"minecraft:cooked_mutton":2,"minecraft:stone_sword":2,"minecraft:amethyst_block":23,"minecraft:birch_planks":4,"minecraft:stone_pickaxe":36,"minecraft:oak_planks":139,"minecraft:chest":1,"minecraft:spruce_planks":8,"minecraft:wooden_pickaxe":9,"minecraft:deepslate_bricks":8,"minecraft:green_terracotta":4,"minecraft:torch":5,"minecraft:dirt":25,"minecraft:mutton":4,"minecraft:oak_slab":1,"minecraft:mushroom_stew":2,"minecraft:tuff":5,"minecraft:granite":1,"minecraft:lightning_rod":1,"minecraft:deepslate_tiles":10,"minecraft:oak_log":4,"minecraft:dark_oak_planks":26,"minecraft:wooden_axe":14,"minecraft:rooted_dirt":14,"minecraft:spruce_sapling":1,"minecraft:cobblestone":2,"minecraft:cooked_beef":5,"minecraft:cobbled_deepslate":11,"minecraft:candle":10},"minecraft:killed_by":{"minecraft:player":1,"minecraft:skeleton":1,"cartoon_dweller:cartoon_dweller":1},"minecraft:dropped":{"minecraft:iron_ingot":1,"minecraft:oak_slab":2,"minecraft:tropical_fish":1,"minecraft:dirt":22},"minecraft:killed":{"minecraft:stray":1},"minecraft:picked_up":{"minecraft:birch_log":7,"minecraft:feather":2,"minecraft:chicken":1,"minecraft:clay_ball":4,"minecraft:salmon":2,"minecraft:andesite":12,"minecraft:leather":2,"minecraft:ice":2,"minecraft:mushroom_stew":2,"minecraft:tuff":5,"minecraft:oak_log":48,"minecraft:gunpowder":1,"minecraft:amethyst_block":23,"minecraft:lapis_lazuli":13,"minecraft:dirt":58,"minecraft:raw_copper":21,"minecraft:wooden_sword":1,"minecraft:bone":3,"minecraft:small_dripleaf":4,"minecraft:deepslate_tiles":10,"minecraft:wheat_seeds":2,"minecraft:candle":12,"minecraft:cobbled_deepslate":15,"minecraft:raw_gold":2,"minecraft:rabbit_hide":2,"minecraft:beef":3,"minecraft:stone_pickaxe":9,"minecraft:calcite":20,"minecraft:wooden_shovel":2,"minecraft:stone_hoe":2,"minecraft:moss_block":17,"minecraft:chest":3,"minecraft:oak_planks":7,"minecraft:egg":2,"minecraft:tipped_arrow":1,"minecraft:dark_oak_sapling":3,"minecraft:oak_slab":3,"minecraft:copper_ingot":1,"minecraft:torch":8,"minecraft:acacia_log":5,"minecraft:dripstone_block":34,"minecraft:gravel":2,"minecraft:porkchop":1,"minecraft:spruce_sapling":2,"minecraft:diorite":9,"minecraft:spruce_log":2,"minecraft:green_terracotta":4,"minecraft:dark_oak_log":9,"minecraft:dark_oak_planks":2,"minecraft:stone_sword":2,"minecraft:arrow":2,"minecraft:rotten_flesh":7,"minecraft:white_concrete_powder":2,"minecraft:tropical_fish":1,"minecraft:deepslate_bricks":9,"minecraft:granite":4,"minecraft:rooted_dirt":17,"minecraft:terracotta":9,"minecraft:oak_sapling":3,"minecraft:glow_berries":4,"minecraft:cobblestone":18}},"DataVersion":3120}