{"stats":{"minecraft:used":{"minecraft:cooked_mutton":2,"minecraft:amethyst_block":7,"minecraft:stone_pickaxe":5,"minecraft:oak_planks":130,"minecraft:chest":1,"minecraft:spruce_planks":8,"minecraft:wooden_pickaxe":9,"minecraft:torch":2,"minecraft:dirt":24,"minecraft:mutton":4,"minecraft:mushroom_stew":2,"minecraft:lightning_rod":1,"minecraft:wooden_axe":14,"minecraft:spruce_sapling":1,"minecraft:cooked_beef":1},"minecraft:picked_up":{"minecraft:birch_log":6,"minecraft:feather":2,"minecraft:chicken":1,"minecraft:andesite":7,"minecraft:clay_ball":4,"minecraft:salmon":2,"minecraft:leather":2,"minecraft:ice":2,"minecraft:mushroom_stew":2,"minecraft:oak_log":18,"minecraft:amethyst_block":7,"minecraft:dirt":53,"minecraft:raw_copper":5,"minecraft:wooden_sword":1,"minecraft:bone":3,"minecraft:wheat_seeds":2,"minecraft:rabbit_hide":2,"minecraft:beef":3,"minecraft:stone_pickaxe":1,"minecraft:calcite":2,"minecraft:wooden_shovel":2,"minecraft:chest":2,"minecraft:oak_planks":6,"minecraft:egg":2,"minecraft:tipped_arrow":1,"minecraft:dark_oak_sapling":2,"minecraft:oak_slab":2,"minecraft:copper_ingot":1,"minecraft:torch":2,"minecraft:porkchop":1,"minecraft:spruce_sapling":2,"minecraft:diorite":8,"minecraft:spruce_log":2,"minecraft:arrow":2,"minecraft:white_concrete_powder":2,"minecraft:granite":3,"minecraft:terracotta":9,"minecraft:oak_sapling":1,"minecraft:cobblestone":10},"minecraft:killed_by":{"minecraft:player":1,"minecraft:skeleton":1},"minecraft:killed":{"minecraft:stray":1},"minecraft:dropped":{"minecraft:oak_slab":2,"minecraft:dirt":22},"minecraft:crafted":{"minecraft:cooked_beef":1,"minecraft:wooden_sword":1,"minecraft:oak_planks":72,"minecraft:spruce_planks":8,"minecraft:wooden_pickaxe":1,"minecraft:lightning_rod":1,"minecraft:copper_ingot":3,"minecraft:birch_planks":24,"minecraft:cooked_mutton":5,"minecraft:iron_boots":1,"minecraft:stick":16,"minecraft:iron_ingot":5,"minecraft:stone_pickaxe":1,"minecraft:wooden_axe":1},"minecraft:custom":{"minecraft:interact_with_furnace":5,"minecraft:mob_kills":2,"minecraft:interact_with_crafting_table":6,"minecraft:leave_game":3,"minecraft:time_since_death":16084,"minecraft:time_since_rest":16186,"minecraft:sprint_one_cm":82035,"minecraft:damage_taken":1590,"minecraft:walk_one_cm":174755,"minecraft:drop":4,"minecraft:damage_dealt":425,"minecraft:fly_one_cm":58404,"minecraft:open_chest":16,"minecraft:crouch_one_cm":17335,"minecraft:play_time":64370,"minecraft:deaths":3,"minecraft:sneak_time":7162,"minecraft:jump":385,"minecraft:total_world_time":64370,"minecraft:fall_one_cm":2138},"minecraft:mined":{"minecraft:podzol":3,"minecraft:clay":3,"minecraft:grass_block":26,"minecraft:chest":2,"minecraft:oak_planks":6,"minecraft:wall_torch":1,"minecraft:birch_log":6,"minecraft:andesite":2,"minecraft:oak_log":14,"minecraft:gravel":1,"minecraft:dirt":10,"minecraft:packed_ice":1,"minecraft:stone":9}},"DataVersion":3120}