{"stats":{"minecraft:mined":{"minecraft:podzol":3,"minecraft:oak_slab":2,"minecraft:deepslate_tiles":3,"minecraft:tuff":2,"minecraft:dark_oak_log":6,"minecraft:clay":3,"minecraft:granite":2,"minecraft:grass_block":26,"minecraft:chest":2,"minecraft:deepslate_bricks":1,"minecraft:oak_planks":8,"minecraft:wall_torch":1,"minecraft:amethyst_block":6,"minecraft:birch_log":7,"minecraft:andesite":2,"minecraft:deepslate_lapis_ore":3,"minecraft:oak_log":14,"minecraft:gravel":2,"minecraft:dirt":13,"minecraft:packed_ice":1,"minecraft:stone":10,"minecraft:dark_oak_planks":2},"minecraft:custom":{"minecraft:interact_with_furnace":5,"minecraft:mob_kills":2,"minecraft:interact_with_crafting_table":6,"minecraft:leave_game":3,"minecraft:time_since_death":4086,"minecraft:time_since_rest":4120,"minecraft:sprint_one_cm":100881,"minecraft:damage_taken":3516,"minecraft:walk_one_cm":228270,"minecraft:drop":4,"minecraft:damage_dealt":772,"minecraft:fly_one_cm":64062,"minecraft:open_chest":22,"minecraft:crouch_one_cm":34637,"minecraft:play_time":89992,"minecraft:deaths":8,"minecraft:sneak_time":15283,"minecraft:jump":487,"minecraft:total_world_time":89992,"minecraft:fall_one_cm":2890},"minecraft:crafted":{"minecraft:cooked_beef":1,"minecraft:wooden_sword":1,"minecraft:oak_planks":80,"minecraft:spruce_planks":8,"minecraft:wooden_pickaxe":1,"minecraft:lightning_rod":1,"minecraft:copper_ingot":3,"minecraft:birch_planks":28,"minecraft:cooked_mutton":5,"minecraft:iron_boots":1,"minecraft:stick":16,"minecraft:iron_ingot":5,"minecraft:stone_pickaxe":1,"minecraft:wooden_axe":1,"minecraft:dark_oak_planks":24},"minecraft:used":{"minecraft:cooked_mutton":2,"minecraft:amethyst_block":13,"minecraft:birch_planks":4,"minecraft:stone_pickaxe":28,"minecraft:oak_planks":139,"minecraft:chest":1,"minecraft:spruce_planks":8,"minecraft:wooden_pickaxe":9,"minecraft:deepslate_bricks":3,"minecraft:torch":4,"minecraft:dirt":25,"minecraft:mutton":4,"minecraft:oak_slab":1,"minecraft:mushroom_stew":2,"minecraft:tuff":5,"minecraft:granite":1,"minecraft:lightning_rod":1,"minecraft:deepslate_tiles":9,"minecraft:oak_log":4,"minecraft:dark_oak_planks":26,"minecraft:wooden_axe":14,"minecraft:spruce_sapling":1,"minecraft:cobblestone":2,"minecraft:cooked_beef":1,"minecraft:cobbled_deepslate":3,"minecraft:candle":2},"minecraft:killed_by":{"minecraft:player":1,"minecraft:skeleton":1,"cartoon_dweller:cartoon_dweller":1},"minecraft:dropped":{"minecraft:oak_slab":2,"minecraft:dirt":22},"minecraft:killed":{"minecraft:stray":1},"minecraft:picked_up":{"minecraft:birch_log":7,"minecraft:feather":2,"minecraft:chicken":1,"minecraft:clay_ball":4,"minecraft:salmon":2,"minecraft:andesite":7,"minecraft:leather":2,"minecraft:ice":2,"minecraft:mushroom_stew":2,"minecraft:tuff":5,"minecraft:oak_log":26,"minecraft:amethyst_block":13,"minecraft:lapis_lazuli":13,"minecraft:dirt":55,"minecraft:raw_copper":18,"minecraft:wooden_sword":1,"minecraft:bone":3,"minecraft:deepslate_tiles":9,"minecraft:wheat_seeds":2,"minecraft:candle":8,"minecraft:cobbled_deepslate":14,"minecraft:rabbit_hide":2,"minecraft:beef":3,"minecraft:stone_pickaxe":7,"minecraft:calcite":3,"minecraft:wooden_shovel":2,"minecraft:chest":2,"minecraft:oak_planks":7,"minecraft:egg":2,"minecraft:tipped_arrow":1,"minecraft:dark_oak_sapling":2,"minecraft:oak_slab":3,"minecraft:copper_ingot":1,"minecraft:torch":6,"minecraft:porkchop":1,"minecraft:spruce_sapling":2,"minecraft:diorite":8,"minecraft:spruce_log":2,"minecraft:dark_oak_log":9,"minecraft:dark_oak_planks":2,"minecraft:arrow":2,"minecraft:white_concrete_powder":2,"minecraft:deepslate_bricks":4,"minecraft:granite":4,"minecraft:terracotta":9,"minecraft:oak_sapling":1,"minecraft:cobblestone":12}},"DataVersion":3120}