{"stats":{"minecraft:crafted":{"minecraft:warped_planks":60,"minecraft:oak_planks":24,"minecraft:crimson_planks":36,"minecraft:stick":4,"minecraft:wooden_pickaxe":1,"minecraft:crimson_slab":24,"minecraft:moss_carpet":3},"minecraft:mined":{"minecraft:podzol":6,"minecraft:coarse_dirt":9,"minecraft:oak_sapling":1,"minecraft:warped_planks":2,"minecraft:moss_carpet":1,"minecraft:clay":5,"minecraft:grass_block":9,"minecraft:oak_log":4,"minecraft:mycelium":4,"minecraft:crimson_slab":5,"minecraft:warped_stem":11,"minecraft:dirt":20,"minecraft:crimson_planks":3,"minecraft:moss_block":4,"minecraft:rooted_dirt":8,"minecraft:oak_leaves":4,"minecraft:crimson_stem":7},"minecraft:used":{"minecraft:moss_block":1,"minecraft:moss_carpet":4,"minecraft:crimson_slab":29,"minecraft:crimson_planks":20,"minecraft:dirt":13,"minecraft:oak_sapling":1,"minecraft:coarse_dirt":3,"minecraft:warped_planks":45},"minecraft:picked_up":{"minecraft:coarse_dirt":9,"minecraft:crimson_stem":10,"minecraft:clay_ball":32,"minecraft:oak_log":7,"minecraft:crimson_planks":3,"minecraft:warped_planks":2,"minecraft:dirt":41,"minecraft:moss_carpet":1,"minecraft:warped_stem":15,"minecraft:rooted_dirt":10,"minecraft:oak_sapling":1,"minecraft:moss_block":5,"minecraft:crimson_slab":5},"minecraft:custom":{"minecraft:time_since_rest":2146,"minecraft:sprint_one_cm":106026,"minecraft:damage_taken":12482,"minecraft:walk_one_cm":92396,"minecraft:drop":1,"minecraft:damage_dealt":877,"minecraft:interact_with_crafting_table":4,"minecraft:fly_one_cm":90012,"minecraft:player_kills":6,"minecraft:open_chest":2,"minecraft:crouch_one_cm":15880,"minecraft:play_time":66584,"minecraft:deaths":34,"minecraft:sneak_time":8471,"minecraft:jump":392,"minecraft:leave_game":5,"minecraft:time_since_death":2075,"minecraft:total_world_time":66584,"minecraft:fall_one_cm":2466},"minecraft:dropped":{"minecraft:dirt":1},"minecraft:killed_by":{"midnightlurker:void_hands":1,"old_goatman:old_goatman":1,"minecraft:player":13,"minecraft:zombie":1}},"DataVersion":3120}