{"stats":{"minecraft:crafted":{"minecraft:warped_planks":40,"minecraft:oak_planks":24,"minecraft:crimson_planks":36,"minecraft:stick":4,"minecraft:wooden_pickaxe":1,"minecraft:crimson_slab":24,"minecraft:moss_carpet":3},"minecraft:mined":{"minecraft:podzol":6,"minecraft:coarse_dirt":9,"minecraft:oak_sapling":1,"minecraft:warped_planks":1,"minecraft:moss_carpet":1,"minecraft:clay":4,"minecraft:grass_block":7,"minecraft:oak_log":3,"minecraft:mycelium":2,"minecraft:crimson_slab":5,"minecraft:warped_stem":6,"minecraft:dirt":18,"minecraft:crimson_planks":3,"minecraft:moss_block":3,"minecraft:rooted_dirt":5,"minecraft:oak_leaves":3,"minecraft:crimson_stem":6},"minecraft:used":{"minecraft:moss_block":1,"minecraft:moss_carpet":4,"minecraft:crimson_slab":29,"minecraft:crimson_planks":20,"minecraft:dirt":13,"minecraft:oak_sapling":1,"minecraft:coarse_dirt":3,"minecraft:warped_planks":33},"minecraft:picked_up":{"minecraft:coarse_dirt":9,"minecraft:crimson_stem":9,"minecraft:clay_ball":28,"minecraft:oak_log":6,"minecraft:crimson_planks":3,"minecraft:warped_planks":1,"minecraft:dirt":36,"minecraft:moss_carpet":1,"minecraft:warped_stem":10,"minecraft:rooted_dirt":7,"minecraft:oak_sapling":1,"minecraft:moss_block":4,"minecraft:crimson_slab":5},"minecraft:custom":{"minecraft:time_since_rest":166,"minecraft:sprint_one_cm":89427,"minecraft:damage_taken":11732,"minecraft:walk_one_cm":84771,"minecraft:drop":1,"minecraft:damage_dealt":820,"minecraft:interact_with_crafting_table":4,"minecraft:fly_one_cm":81212,"minecraft:player_kills":6,"minecraft:open_chest":2,"minecraft:crouch_one_cm":14812,"minecraft:play_time":62559,"minecraft:deaths":32,"minecraft:sneak_time":7711,"minecraft:jump":355,"minecraft:leave_game":4,"minecraft:time_since_death":140,"minecraft:total_world_time":62559,"minecraft:fall_one_cm":2131},"minecraft:dropped":{"minecraft:dirt":1},"minecraft:killed_by":{"midnightlurker:void_hands":1,"old_goatman:old_goatman":1,"minecraft:player":13,"minecraft:zombie":1}},"DataVersion":3120}