{"stats":{"minecraft:used":{"minecraft:oak_planks":49,"minecraft:chest":1,"minecraft:wooden_pickaxe":1,"minecraft:dirt":17},"minecraft:picked_up":{"minecraft:birch_log":6,"minecraft:clay_ball":4,"minecraft:porkchop":1,"minecraft:oak_log":18,"minecraft:dirt":48,"minecraft:wheat_seeds":2,"minecraft:beef":3,"minecraft:wooden_shovel":2,"minecraft:oak_sapling":1,"minecraft:chest":1,"minecraft:oak_planks":1,"minecraft:cobblestone":1,"minecraft:egg":1},"minecraft:killed_by":{"minecraft:player":1},"minecraft:crafted":{"minecraft:wooden_sword":1,"minecraft:oak_planks":72,"minecraft:stick":16,"minecraft:wooden_pickaxe":1,"minecraft:wooden_axe":1,"minecraft:birch_planks":24},"minecraft:dropped":{"minecraft:dirt":21},"minecraft:custom":{"minecraft:time_since_rest":16995,"minecraft:sprint_one_cm":5430,"minecraft:damage_taken":610,"minecraft:walk_one_cm":77095,"minecraft:drop":1,"minecraft:damage_dealt":102,"minecraft:interact_with_crafting_table":3,"minecraft:fly_one_cm":3963,"minecraft:open_chest":4,"minecraft:crouch_one_cm":7986,"minecraft:play_time":22580,"minecraft:deaths":1,"minecraft:sneak_time":4228,"minecraft:jump":88,"minecraft:leave_game":2,"minecraft:time_since_death":16965,"minecraft:total_world_time":22580,"minecraft:fall_one_cm":687},"minecraft:mined":{"minecraft:podzol":3,"minecraft:birch_log":5,"minecraft:clay":3,"minecraft:grass_block":23,"minecraft:oak_log":14,"minecraft:chest":1,"minecraft:gravel":1,"minecraft:dirt":9,"minecraft:stone":1,"minecraft:oak_planks":1}},"DataVersion":3120}