{"stats":{"minecraft:crafted":{"minecraft:warped_planks":20,"minecraft:oak_planks":12,"minecraft:crimson_planks":20,"minecraft:crimson_slab":24},"minecraft:mined":{"minecraft:podzol":3,"minecraft:coarse_dirt":3,"minecraft:oak_sapling":1,"minecraft:warped_planks":1,"minecraft:clay":1,"minecraft:grass_block":1,"minecraft:mycelium":2,"minecraft:crimson_slab":4,"minecraft:warped_stem":2,"minecraft:dirt":3,"minecraft:oak_leaves":1,"minecraft:crimson_stem":3},"minecraft:used":{"minecraft:crimson_slab":28,"minecraft:dirt":13,"minecraft:oak_sapling":1,"minecraft:coarse_dirt":2,"minecraft:warped_planks":13},"minecraft:picked_up":{"minecraft:coarse_dirt":2,"minecraft:crimson_stem":5,"minecraft:clay_ball":12,"minecraft:oak_log":3,"minecraft:warped_planks":1,"minecraft:dirt":21,"minecraft:warped_stem":5,"minecraft:rooted_dirt":2,"minecraft:oak_sapling":1,"minecraft:moss_block":1,"minecraft:crimson_slab":4},"minecraft:custom":{"minecraft:time_since_rest":1146,"minecraft:sprint_one_cm":49991,"minecraft:damage_taken":8073,"minecraft:walk_one_cm":50793,"minecraft:drop":1,"minecraft:damage_dealt":386,"minecraft:interact_with_crafting_table":3,"minecraft:player_kills":5,"minecraft:fly_one_cm":52239,"minecraft:open_chest":1,"minecraft:crouch_one_cm":8030,"minecraft:play_time":38776,"minecraft:deaths":23,"minecraft:sneak_time":3529,"minecraft:jump":243,"minecraft:leave_game":3,"minecraft:time_since_death":1095,"minecraft:total_world_time":38776,"minecraft:fall_one_cm":1920},"minecraft:dropped":{"minecraft:dirt":1},"minecraft:killed_by":{"midnightlurker:void_hands":1,"old_goatman:old_goatman":1,"minecraft:player":9}},"DataVersion":3120}