{"stats":{"minecraft:used":{"minecraft:cooked_mutton":2,"minecraft:wooden_axe":14,"minecraft:oak_planks":130,"minecraft:chest":1,"minecraft:wooden_pickaxe":9,"minecraft:dirt":21,"minecraft:mutton":4,"minecraft:mushroom_stew":2,"minecraft:cooked_beef":1},"minecraft:picked_up":{"minecraft:birch_log":6,"minecraft:feather":2,"minecraft:chicken":1,"minecraft:clay_ball":4,"minecraft:leather":2,"minecraft:mushroom_stew":2,"minecraft:porkchop":1,"minecraft:oak_log":18,"minecraft:dirt":49,"minecraft:wheat_seeds":2,"minecraft:beef":3,"minecraft:wooden_shovel":2,"minecraft:oak_sapling":1,"minecraft:chest":1,"minecraft:oak_planks":6,"minecraft:cobblestone":7,"minecraft:egg":2},"minecraft:killed_by":{"minecraft:player":1},"minecraft:crafted":{"minecraft:wooden_sword":1,"minecraft:oak_planks":72,"minecraft:iron_boots":1,"minecraft:stick":16,"minecraft:iron_ingot":5,"minecraft:wooden_pickaxe":1,"minecraft:stone_pickaxe":1,"minecraft:wooden_axe":1,"minecraft:birch_planks":24,"minecraft:cooked_mutton":5,"minecraft:cooked_beef":1},"minecraft:dropped":{"minecraft:dirt":21},"minecraft:custom":{"minecraft:time_since_rest":279,"minecraft:interact_with_furnace":4,"minecraft:sprint_one_cm":35014,"minecraft:damage_taken":1090,"minecraft:walk_one_cm":136555,"minecraft:mob_kills":2,"minecraft:drop":1,"minecraft:damage_dealt":264,"minecraft:interact_with_crafting_table":5,"minecraft:fly_one_cm":27848,"minecraft:open_chest":14,"minecraft:crouch_one_cm":10189,"minecraft:play_time":46580,"minecraft:deaths":2,"minecraft:sneak_time":5246,"minecraft:jump":224,"minecraft:leave_game":2,"minecraft:time_since_death":250,"minecraft:total_world_time":46580,"minecraft:fall_one_cm":1300},"minecraft:mined":{"minecraft:podzol":3,"minecraft:birch_log":6,"minecraft:clay":3,"minecraft:grass_block":23,"minecraft:oak_log":14,"minecraft:chest":2,"minecraft:gravel":1,"minecraft:dirt":9,"minecraft:stone":8,"minecraft:oak_planks":6}},"DataVersion":3120}