{"stats":{"minecraft:used":{"minecraft:wooden_axe":5,"minecraft:oak_planks":130,"minecraft:chest":1,"minecraft:wooden_pickaxe":1,"minecraft:dirt":17,"minecraft:mutton":4,"minecraft:cooked_beef":1},"minecraft:picked_up":{"minecraft:birch_log":6,"minecraft:feather":2,"minecraft:chicken":1,"minecraft:clay_ball":4,"minecraft:mushroom_stew":2,"minecraft:porkchop":1,"minecraft:oak_log":18,"minecraft:dirt":48,"minecraft:wheat_seeds":2,"minecraft:beef":3,"minecraft:wooden_shovel":2,"minecraft:oak_sapling":1,"minecraft:chest":1,"minecraft:oak_planks":6,"minecraft:cobblestone":1,"minecraft:egg":2},"minecraft:killed_by":{"minecraft:player":1},"minecraft:crafted":{"minecraft:wooden_sword":1,"minecraft:oak_planks":72,"minecraft:stick":16,"minecraft:wooden_pickaxe":1,"minecraft:wooden_axe":1,"minecraft:birch_planks":24,"minecraft:cooked_beef":1},"minecraft:dropped":{"minecraft:dirt":21},"minecraft:custom":{"minecraft:time_since_rest":28995,"minecraft:interact_with_furnace":2,"minecraft:sprint_one_cm":7810,"minecraft:damage_taken":610,"minecraft:walk_one_cm":125242,"minecraft:drop":1,"minecraft:damage_dealt":102,"minecraft:interact_with_crafting_table":3,"minecraft:fly_one_cm":4017,"minecraft:open_chest":9,"minecraft:crouch_one_cm":9488,"minecraft:play_time":34580,"minecraft:deaths":1,"minecraft:sneak_time":4694,"minecraft:jump":128,"minecraft:leave_game":2,"minecraft:time_since_death":28965,"minecraft:total_world_time":34580,"minecraft:fall_one_cm":687},"minecraft:mined":{"minecraft:podzol":3,"minecraft:birch_log":6,"minecraft:clay":3,"minecraft:grass_block":23,"minecraft:oak_log":14,"minecraft:chest":1,"minecraft:gravel":1,"minecraft:dirt":9,"minecraft:stone":1,"minecraft:oak_planks":6}},"DataVersion":3120}