{"stats":{"minecraft:mined":{"minecraft:podzol":3,"minecraft:oak_slab":3,"minecraft:deepslate_tiles":4,"minecraft:tuff":2,"minecraft:dark_oak_log":6,"minecraft:clay":3,"minecraft:torch":1,"minecraft:light_gray_terracotta":2,"minecraft:granite":2,"minecraft:calcite":2,"minecraft:grass_block":26,"minecraft:chest":2,"minecraft:deepslate_bricks":4,"minecraft:moss_block":5,"minecraft:oak_planks":8,"minecraft:rooted_dirt":10,"minecraft:wall_torch":2,"minecraft:amethyst_block":7,"minecraft:carrots":5,"minecraft:birch_log":7,"minecraft:cobbled_deepslate":1,"minecraft:green_terracotta":2,"minecraft:andesite":7,"minecraft:deepslate_lapis_ore":3,"minecraft:oak_log":14,"minecraft:deepslate_iron_ore":1,"minecraft:gravel":2,"minecraft:dripstone_block":5,"minecraft:dirt":13,"minecraft:packed_ice":1,"minecraft:stone":10,"minecraft:deepslate":1,"minecraft:dark_oak_planks":2},"minecraft:custom":{"minecraft:interact_with_furnace":8,"minecraft:mob_kills":3,"minecraft:interact_with_crafting_table":7,"minecraft:leave_game":3,"minecraft:time_since_death":613,"minecraft:time_since_rest":751,"minecraft:sprint_one_cm":251487,"minecraft:damage_taken":6949,"minecraft:walk_one_cm":419562,"minecraft:drop":20,"minecraft:damage_dealt":768,"minecraft:fly_one_cm":122413,"minecraft:player_kills":2,"minecraft:open_chest":38,"minecraft:crouch_one_cm":72122,"minecraft:play_time":167992,"minecraft:deaths":15,"minecraft:sneak_time":27238,"minecraft:jump":1064,"minecraft:total_world_time":167992,"minecraft:fall_one_cm":15033},"minecraft:crafted":{"minecraft:cooked_beef":8,"minecraft:wooden_sword":1,"minecraft:oak_planks":184,"minecraft:spruce_planks":8,"minecraft:wooden_pickaxe":1,"minecraft:lightning_rod":1,"minecraft:copper_ingot":3,"minecraft:birch_planks":28,"minecraft:cooked_mutton":5,"minecraft:iron_boots":1,"minecraft:stick":16,"minecraft:iron_ingot":6,"minecraft:stone_pickaxe":1,"minecraft:wooden_axe":1,"minecraft:dark_oak_planks":24},"minecraft:used":{"minecraft:moss_block":17,"minecraft:cooked_mutton":2,"minecraft:stone_sword":19,"minecraft:amethyst_block":23,"minecraft:birch_planks":4,"minecraft:stone_pickaxe":67,"minecraft:oak_planks":232,"minecraft:chest":5,"minecraft:spruce_planks":8,"minecraft:wooden_pickaxe":9,"minecraft:deepslate_bricks":8,"minecraft:green_terracotta":9,"minecraft:torch":7,"minecraft:dirt":26,"minecraft:mutton":4,"minecraft:oak_slab":1,"minecraft:carrot":23,"minecraft:mushroom_stew":2,"minecraft:light_gray_terracotta":10,"minecraft:dripstone_block":72,"minecraft:tuff":5,"minecraft:granite":10,"minecraft:lightning_rod":1,"minecraft:deepslate_tiles":11,"minecraft:oak_log":4,"minecraft:dark_oak_planks":26,"minecraft:wooden_axe":14,"minecraft:flowering_azalea":1,"minecraft:rooted_dirt":14,"minecraft:spruce_sapling":1,"minecraft:cobblestone":2,"minecraft:cooked_beef":8,"minecraft:cobbled_deepslate":11,"minecraft:candle":10,"minecraft:calcite":27},"minecraft:killed_by":{"minecraft:player":2,"minecraft:skeleton":1,"cartoon_dweller:cartoon_dweller":1,"mimicer:mimicer":1},"minecraft:dropped":{"minecraft:iron_ingot":1,"minecraft:oak_slab":2,"minecraft:raw_copper":34,"minecraft:dark_oak_sapling":1,"minecraft:tropical_fish":1,"minecraft:dirt":25,"minecraft:oak_sapling":2,"minecraft:flowering_azalea":1,"minecraft:calcite":20},"minecraft:killed":{"minecraft:spider":1,"minecraft:zombie":2,"minecraft:stray":1},"minecraft:picked_up":{"minecraft:birch_log":7,"minecraft:feather":2,"minecraft:chicken":1,"minecraft:clay_ball":4,"minecraft:salmon":2,"minecraft:andesite":21,"minecraft:leather":2,"minecraft:ice":2,"minecraft:mushroom_stew":2,"minecraft:tuff":5,"minecraft:oak_log":52,"minecraft:gunpowder":1,"minecraft:amethyst_block":25,"minecraft:lapis_lazuli":13,"minecraft:dirt":59,"minecraft:raw_copper":49,"minecraft:wooden_sword":1,"minecraft:bone":3,"minecraft:small_dripleaf":4,"minecraft:deepslate_tiles":11,"minecraft:wheat_seeds":2,"minecraft:candle":12,"minecraft:cobbled_deepslate":18,"minecraft:raw_gold":2,"minecraft:rabbit_hide":2,"minecraft:beef":3,"minecraft:stone_pickaxe":9,"minecraft:calcite":50,"minecraft:wooden_shovel":2,"minecraft:flowering_azalea":2,"minecraft:stone_hoe":5,"minecraft:moss_block":74,"minecraft:chest":6,"minecraft:oak_planks":8,"minecraft:raw_iron":5,"minecraft:egg":2,"minecraft:tipped_arrow":1,"minecraft:dark_oak_sapling":3,"minecraft:oak_slab":3,"minecraft:smooth_basalt":11,"minecraft:copper_ingot":1,"minecraft:torch":9,"minecraft:acacia_log":5,"minecraft:dripstone_block":73,"minecraft:gravel":3,"minecraft:porkchop":1,"minecraft:spruce_sapling":2,"minecraft:diorite":21,"minecraft:carrot":13,"minecraft:spruce_log":2,"minecraft:green_terracotta":9,"minecraft:dark_oak_log":9,"minecraft:dark_oak_planks":2,"minecraft:light_gray_terracotta":10,"minecraft:stone_sword":4,"minecraft:arrow":2,"minecraft:rotten_flesh":9,"minecraft:white_concrete_powder":2,"minecraft:tropical_fish":1,"minecraft:deepslate_bricks":9,"minecraft:granite":13,"minecraft:rooted_dirt":25,"minecraft:terracotta":9,"minecraft:oak_sapling":3,"minecraft:glow_berries":19,"minecraft:coal":1,"minecraft:cobblestone":20}},"DataVersion":3120}