{"stats":{"minecraft:mined":{"minecraft:podzol":3,"minecraft:oak_slab":2,"minecraft:deepslate_tiles":3,"minecraft:tuff":2,"minecraft:dark_oak_log":6,"minecraft:clay":3,"minecraft:granite":2,"minecraft:grass_block":26,"minecraft:chest":2,"minecraft:deepslate_bricks":4,"minecraft:moss_block":1,"minecraft:oak_planks":8,"minecraft:wall_torch":1,"minecraft:amethyst_block":6,"minecraft:carrots":1,"minecraft:birch_log":7,"minecraft:andesite":2,"minecraft:deepslate_lapis_ore":3,"minecraft:oak_log":14,"minecraft:gravel":2,"minecraft:dirt":13,"minecraft:packed_ice":1,"minecraft:stone":10,"minecraft:dark_oak_planks":2},"minecraft:custom":{"minecraft:interact_with_furnace":8,"minecraft:mob_kills":2,"minecraft:interact_with_crafting_table":7,"minecraft:leave_game":3,"minecraft:time_since_death":22086,"minecraft:time_since_rest":22120,"minecraft:sprint_one_cm":144275,"minecraft:damage_taken":3666,"minecraft:walk_one_cm":261781,"minecraft:drop":5,"minecraft:damage_dealt":789,"minecraft:fly_one_cm":73616,"minecraft:open_chest":36,"minecraft:crouch_one_cm":50295,"minecraft:play_time":107992,"minecraft:deaths":8,"minecraft:sneak_time":20341,"minecraft:jump":560,"minecraft:total_world_time":107992,"minecraft:fall_one_cm":3302},"minecraft:crafted":{"minecraft:cooked_beef":8,"minecraft:wooden_sword":1,"minecraft:oak_planks":80,"minecraft:spruce_planks":8,"minecraft:wooden_pickaxe":1,"minecraft:lightning_rod":1,"minecraft:copper_ingot":3,"minecraft:birch_planks":28,"minecraft:cooked_mutton":5,"minecraft:iron_boots":1,"minecraft:stick":16,"minecraft:iron_ingot":6,"minecraft:stone_pickaxe":1,"minecraft:wooden_axe":1,"minecraft:dark_oak_planks":24},"minecraft:used":{"minecraft:moss_block":17,"minecraft:cooked_mutton":2,"minecraft:amethyst_block":13,"minecraft:birch_planks":4,"minecraft:stone_pickaxe":31,"minecraft:oak_planks":139,"minecraft:chest":1,"minecraft:spruce_planks":8,"minecraft:wooden_pickaxe":9,"minecraft:deepslate_bricks":8,"minecraft:torch":5,"minecraft:dirt":25,"minecraft:mutton":4,"minecraft:oak_slab":1,"minecraft:mushroom_stew":2,"minecraft:tuff":5,"minecraft:granite":1,"minecraft:lightning_rod":1,"minecraft:deepslate_tiles":9,"minecraft:oak_log":4,"minecraft:dark_oak_planks":26,"minecraft:wooden_axe":14,"minecraft:spruce_sapling":1,"minecraft:cobblestone":2,"minecraft:cooked_beef":4,"minecraft:cobbled_deepslate":7,"minecraft:candle":10},"minecraft:killed_by":{"minecraft:player":1,"minecraft:skeleton":1,"cartoon_dweller:cartoon_dweller":1},"minecraft:dropped":{"minecraft:iron_ingot":1,"minecraft:oak_slab":2,"minecraft:dirt":22},"minecraft:killed":{"minecraft:stray":1},"minecraft:picked_up":{"minecraft:birch_log":7,"minecraft:feather":2,"minecraft:chicken":1,"minecraft:clay_ball":4,"minecraft:salmon":2,"minecraft:andesite":12,"minecraft:leather":2,"minecraft:ice":2,"minecraft:mushroom_stew":2,"minecraft:tuff":5,"minecraft:oak_log":36,"minecraft:gunpowder":1,"minecraft:amethyst_block":15,"minecraft:lapis_lazuli":13,"minecraft:dirt":58,"minecraft:raw_copper":21,"minecraft:wooden_sword":1,"minecraft:bone":3,"minecraft:deepslate_tiles":9,"minecraft:wheat_seeds":2,"minecraft:candle":12,"minecraft:cobbled_deepslate":15,"minecraft:raw_gold":2,"minecraft:rabbit_hide":2,"minecraft:beef":3,"minecraft:stone_pickaxe":9,"minecraft:calcite":17,"minecraft:wooden_shovel":2,"minecraft:moss_block":17,"minecraft:chest":2,"minecraft:oak_planks":7,"minecraft:egg":2,"minecraft:tipped_arrow":1,"minecraft:dark_oak_sapling":3,"minecraft:oak_slab":3,"minecraft:copper_ingot":1,"minecraft:torch":7,"minecraft:dripstone_block":24,"minecraft:gravel":2,"minecraft:porkchop":1,"minecraft:spruce_sapling":2,"minecraft:diorite":9,"minecraft:spruce_log":2,"minecraft:dark_oak_log":9,"minecraft:dark_oak_planks":2,"minecraft:arrow":2,"minecraft:white_concrete_powder":2,"minecraft:deepslate_bricks":9,"minecraft:granite":4,"minecraft:rooted_dirt":15,"minecraft:terracotta":9,"minecraft:oak_sapling":1,"minecraft:cobblestone":18}},"DataVersion":3120}