{"stats":{"minecraft:crafted":{"minecraft:warped_planks":40,"minecraft:oak_planks":24,"minecraft:crimson_planks":28,"minecraft:stick":4,"minecraft:wooden_pickaxe":1,"minecraft:crimson_slab":24,"minecraft:moss_carpet":3},"minecraft:mined":{"minecraft:podzol":5,"minecraft:coarse_dirt":7,"minecraft:oak_sapling":1,"minecraft:warped_planks":1,"minecraft:moss_carpet":1,"minecraft:clay":4,"minecraft:grass_block":7,"minecraft:oak_log":3,"minecraft:mycelium":2,"minecraft:crimson_slab":4,"minecraft:warped_stem":6,"minecraft:dirt":16,"minecraft:crimson_planks":1,"minecraft:moss_block":2,"minecraft:rooted_dirt":5,"minecraft:oak_leaves":3,"minecraft:crimson_stem":4},"minecraft:used":{"minecraft:moss_carpet":4,"minecraft:crimson_slab":28,"minecraft:crimson_planks":9,"minecraft:dirt":13,"minecraft:oak_sapling":1,"minecraft:coarse_dirt":3,"minecraft:warped_planks":33},"minecraft:picked_up":{"minecraft:coarse_dirt":7,"minecraft:crimson_stem":7,"minecraft:clay_ball":28,"minecraft:oak_log":6,"minecraft:crimson_planks":1,"minecraft:warped_planks":1,"minecraft:dirt":35,"minecraft:moss_carpet":1,"minecraft:warped_stem":10,"minecraft:rooted_dirt":7,"minecraft:oak_sapling":1,"minecraft:moss_block":3,"minecraft:crimson_slab":4},"minecraft:custom":{"minecraft:time_since_rest":2932,"minecraft:sprint_one_cm":69505,"minecraft:damage_taken":10282,"minecraft:walk_one_cm":67760,"minecraft:drop":1,"minecraft:damage_dealt":480,"minecraft:interact_with_crafting_table":4,"minecraft:fly_one_cm":74965,"minecraft:player_kills":6,"minecraft:open_chest":1,"minecraft:crouch_one_cm":10826,"minecraft:play_time":50559,"minecraft:deaths":28,"minecraft:sneak_time":5278,"minecraft:jump":321,"minecraft:leave_game":4,"minecraft:time_since_death":2343,"minecraft:total_world_time":50559,"minecraft:fall_one_cm":1920},"minecraft:dropped":{"minecraft:dirt":1},"minecraft:killed_by":{"midnightlurker:void_hands":1,"old_goatman:old_goatman":1,"minecraft:player":13}},"DataVersion":3120}