{"stats":{"minecraft:used":{"minecraft:wooden_pickaxe":1},"minecraft:picked_up":{"minecraft:birch_log":5,"minecraft:clay_ball":4,"minecraft:oak_log":8,"minecraft:cobblestone":1,"minecraft:dirt":10},"minecraft:killed_by":{"minecraft:player":1},"minecraft:crafted":{"minecraft:wooden_sword":1,"minecraft:oak_planks":32,"minecraft:birch_planks":20,"minecraft:stick":16,"minecraft:wooden_pickaxe":1,"minecraft:wooden_axe":1},"minecraft:mined":{"minecraft:podzol":3,"minecraft:grass_block":16,"minecraft:oak_log":8,"minecraft:gravel":1,"minecraft:birch_log":5,"minecraft:stone":1,"minecraft:clay":3},"minecraft:custom":{"minecraft:time_since_rest":5241,"minecraft:damage_taken":603,"minecraft:crouch_one_cm":3244,"minecraft:sprint_one_cm":5430,"minecraft:play_time":10826,"minecraft:deaths":1,"minecraft:walk_one_cm":14099,"minecraft:sneak_time":2292,"minecraft:jump":20,"minecraft:damage_dealt":102,"minecraft:leave_game":1,"minecraft:time_since_death":5211,"minecraft:total_world_time":10826,"minecraft:interact_with_crafting_table":2,"minecraft:fly_one_cm":3610,"minecraft:open_chest":1}},"DataVersion":3120}