{"stats":{"minecraft:mined":{"minecraft:podzol":7,"minecraft:coarse_dirt":5,"minecraft:clay":4,"minecraft:grass_block":9,"minecraft:oak_log":7,"minecraft:mycelium":8,"minecraft:warped_stem":9,"minecraft:dirt":7,"minecraft:moss_block":9,"minecraft:oak_leaves":7,"minecraft:rooted_dirt":11,"minecraft:crimson_stem":8},"minecraft:used":{"minecraft:rooted_dirt":8,"minecraft:crimson_planks":4,"minecraft:dirt":17,"minecraft:crafting_table":1,"minecraft:coarse_dirt":2},"minecraft:custom":{"minecraft:time_since_rest":10576,"minecraft:walk_one_cm":10054,"minecraft:drop":12,"minecraft:damage_dealt":10,"minecraft:interact_with_crafting_table":3,"minecraft:player_kills":1,"minecraft:crouch_one_cm":12436,"minecraft:play_time":10576,"minecraft:sneak_time":5305,"minecraft:jump":1,"minecraft:leave_game":1,"minecraft:time_since_death":10576,"minecraft:total_world_time":10576},"minecraft:picked_up":{"minecraft:coarse_dirt":5,"minecraft:crimson_stem":7,"minecraft:clay_ball":16,"minecraft:oak_log":7,"minecraft:dirt":30,"minecraft:warped_stem":8,"minecraft:rooted_dirt":11,"minecraft:moss_block":8},"minecraft:crafted":{"minecraft:warped_planks":24,"minecraft:oak_planks":28,"minecraft:crimson_planks":28,"minecraft:crafting_table":1,"minecraft:stick":4,"minecraft:wooden_pickaxe":1},"minecraft:dropped":{"minecraft:crimson_planks":24,"minecraft:dirt":13,"minecraft:warped_stem":2,"minecraft:moss_block":8,"minecraft:coarse_dirt":3,"minecraft:oak_planks":19,"minecraft:clay_ball":16,"minecraft:rooted_dirt":3,"minecraft:wooden_pickaxe":1,"mca:book_rose_gold":1,"minecraft:warped_planks":24,"minecraft:stick":2}},"DataVersion":3120}