{"stats":{"minecraft:dropped":{"minecraft:wheat_seeds":6},"minecraft:mined":{"minecraft:grass":91,"minecraft:grass_block":1,"minecraft:oak_log":2,"minecraft:tall_grass":15,"minecraft:dandelion":1,"treechop:chopped_log":1},"minecraft:used":{"minecraft:dirt":1},"minecraft:custom":{"minecraft:time_since_rest":2440,"minecraft:crouch_one_cm":861,"minecraft:walk_one_cm":8491,"minecraft:sprint_one_cm":34951,"minecraft:play_time":16685,"minecraft:damage_taken":1605,"minecraft:deaths":6,"minecraft:sneak_time":337,"minecraft:walk_under_water_one_cm":1489,"minecraft:drop":5,"minecraft:jump":260,"minecraft:damage_dealt":311,"minecraft:leave_game":2,"minecraft:walk_on_water_one_cm":578,"minecraft:time_since_death":0,"minecraft:total_world_time":16685,"minecraft:damage_resisted":4180,"minecraft:swim_one_cm":6516,"minecraft:fall_one_cm":33235,"minecraft:fly_one_cm":69758},"minecraft:picked_up":{"minecraft:wheat_seeds":6,"minecraft:oak_log":5,"minecraft:oak_sapling":1,"minecraft:dirt":19}},"DataVersion":3465}