{"stats":{"minecraft:picked_up":{"minecraft:wheat_seeds":2},"minecraft:mined":{"minecraft:tall_grass":2,"minecraft:grass":13,"minecraft:oak_log":1},"minecraft:custom":{"minecraft:jump":30,"minecraft:time_since_rest":2656,"minecraft:damage_dealt":13,"minecraft:leave_game":1,"minecraft:sprint_one_cm":8223,"minecraft:play_time":2656,"minecraft:damage_taken":120,"minecraft:time_since_death":2656,"minecraft:walk_one_cm":1017,"minecraft:sneak_time":27,"minecraft:total_world_time":2656,"minecraft:drop":2,"minecraft:fall_one_cm":1641,"minecraft:fly_one_cm":9246},"minecraft:dropped":{"minecraft:wheat_seeds":2}},"DataVersion":3465}