{"stats":{"minecraft:custom":{"minecraft:jump":58,"minecraft:time_since_rest":169,"minecraft:leave_game":1,"minecraft:damage_dealt":35,"minecraft:crouch_one_cm":3,"minecraft:deaths":1,"minecraft:sprint_one_cm":1496,"minecraft:play_time":5486,"minecraft:damage_taken":290,"minecraft:time_since_death":146,"minecraft:walk_one_cm":3500,"minecraft:sneak_time":5,"minecraft:total_world_time":5486,"minecraft:fall_one_cm":1624,"minecraft:fly_one_cm":4050},"minecraft:killed_by":{"minecraft:player":1}},"DataVersion":3465}