{"stats":{"minecraft:crafted":{"minecraft:warped_planks":24,"minecraft:oak_planks":44,"minecraft:crimson_planks":28,"minecraft:crafting_table":2,"minecraft:stick":8,"minecraft:wooden_pickaxe":1},"minecraft:mined":{"minecraft:podzol":9,"minecraft:coarse_dirt":5,"treechop:chopped_log":1,"minecraft:clay":4,"minecraft:grass_block":10,"minecraft:oak_log":11,"minecraft:mycelium":8,"minecraft:warped_stem":9,"minecraft:dirt":8,"minecraft:moss_block":9,"minecraft:oak_leaves":62,"minecraft:rooted_dirt":11,"minecraft:crimson_stem":8},"minecraft:used":{"minecraft:rooted_dirt":8,"minecraft:crimson_planks":4,"minecraft:dirt":17,"minecraft:crafting_table":1,"minecraft:oak_sapling":1,"minecraft:coarse_dirt":2},"minecraft:killed":{"minecraft:zombie":1},"minecraft:picked_up":{"minecraft:coarse_dirt":5,"minecraft:clay_ball":16,"minecraft:crimson_stem":7,"minecraft:oak_log":12,"minecraft:dirt":35,"minecraft:rotten_flesh":2,"minecraft:apple":1,"minecraft:warped_stem":8,"minecraft:rabbit_hide":1,"minecraft:rooted_dirt":11,"minecraft:oak_sapling":4,"minecraft:moss_block":8},"minecraft:custom":{"minecraft:time_since_rest":197,"minecraft:sprint_one_cm":6029,"minecraft:damage_taken":670,"minecraft:walk_one_cm":28295,"minecraft:mob_kills":2,"minecraft:drop":14,"minecraft:damage_dealt":307,"minecraft:interact_with_crafting_table":3,"minecraft:fly_one_cm":4470,"minecraft:player_kills":1,"minecraft:open_chest":1,"minecraft:crouch_one_cm":12720,"minecraft:play_time":14451,"minecraft:deaths":2,"minecraft:sneak_time":5627,"minecraft:jump":44,"minecraft:leave_game":1,"minecraft:time_since_death":168,"minecraft:total_world_time":14451},"minecraft:killed_by":{"minecraft:skeleton":1,"minecraft:zombie":1},"minecraft:dropped":{"minecraft:crimson_planks":24,"minecraft:dirt":13,"minecraft:warped_stem":2,"minecraft:moss_block":8,"minecraft:coarse_dirt":3,"minecraft:rotten_flesh":2,"minecraft:oak_planks":19,"minecraft:clay_ball":16,"minecraft:rooted_dirt":3,"minecraft:wooden_pickaxe":1,"minecraft:warped_planks":24,"mca:book_rose_gold":1,"minecraft:stick":2}},"DataVersion":3120}