{"stats":{"minecraft:dropped":{"minecraft:wheat_seeds":2},"minecraft:mined":{"minecraft:tall_grass":9,"minecraft:grass":49,"minecraft:oak_log":1,"minecraft:dandelion":1,"treechop:chopped_log":1},"minecraft:custom":{"minecraft:jump":125,"minecraft:crouch_one_cm":491,"minecraft:time_since_rest":1103,"minecraft:deaths":2,"minecraft:damage_dealt":66,"minecraft:damage_taken":735,"minecraft:leave_game":1,"minecraft:play_time":8608,"minecraft:sprint_one_cm":18235,"minecraft:time_since_death":1071,"minecraft:walk_one_cm":4276,"minecraft:sneak_time":142,"minecraft:total_world_time":8608,"minecraft:fall_one_cm":5995,"minecraft:drop":2,"minecraft:fly_one_cm":36918},"minecraft:picked_up":{"minecraft:wheat_seeds":2,"minecraft:oak_log":2}},"DataVersion":3465}