{"stats":{"minecraft:used":{"minecraft:wooden_axe":12,"minecraft:chest":3,"minecraft:wooden_shovel":118,"minecraft:torch":1,"minecraft:dirt":75},"minecraft:broken":{"minecraft:wooden_shovel":2},"minecraft:picked_up":{"minecraft:birch_log":11,"minecraft:lime_wool":1,"minecraft:feather":1,"minecraft:chicken":2,"minecraft:clay_ball":76,"minecraft:pumpkin":4,"minecraft:gravel":24,"minecraft:flint":2,"minecraft:oak_log":35,"minecraft:dirt":169,"minecraft:pumpkin_seeds":1,"minecraft:wheat_seeds":2,"minecraft:wooden_shovel":3,"minecraft:melon_slice":45,"minecraft:chest":10,"minecraft:mutton":2,"minecraft:egg":1},"minecraft:crafted":{"minecraft:oak_planks":12,"minecraft:wooden_shovel":1,"minecraft:stick":4,"minecraft:wooden_axe":1},"minecraft:dropped":{"minecraft:dirt":63,"minecraft:wooden_shovel":1},"minecraft:mined":{"minecraft:podzol":26,"minecraft:birch_log":15,"minecraft:pumpkin":1,"minecraft:clay":15,"minecraft:oak_log":27,"minecraft:grass_block":87,"minecraft:melon":6,"minecraft:chest":8,"minecraft:gravel":26,"minecraft:dirt":1},"minecraft:custom":{"minecraft:time_since_rest":24542,"minecraft:sprint_one_cm":657,"minecraft:damage_taken":26,"minecraft:walk_one_cm":48181,"minecraft:mob_kills":1,"minecraft:drop":4,"minecraft:damage_dealt":107,"minecraft:player_kills":1,"minecraft:interact_with_crafting_table":2,"minecraft:fly_one_cm":467,"minecraft:open_chest":22,"minecraft:crouch_one_cm":21507,"minecraft:play_time":24542,"minecraft:sneak_time":6770,"minecraft:jump":36,"minecraft:time_since_death":24542,"minecraft:total_world_time":24542}},"DataVersion":3120}