{"stats":{"minecraft:used":{"minecraft:wooden_axe":16,"minecraft:stone_shovel":3,"minecraft:stone_pickaxe":91,"minecraft:chest":5,"minecraft:wooden_shovel":124,"minecraft:torch":2,"minecraft:dirt":96,"minecraft:mushroom_stew":1},"minecraft:broken":{"minecraft:wooden_shovel":3},"minecraft:picked_up":{"minecraft:birch_log":11,"minecraft:lime_wool":1,"minecraft:oak_slab":4,"minecraft:raw_iron":6,"minecraft:feather":1,"minecraft:chicken":3,"minecraft:clay_ball":76,"minecraft:pumpkin":4,"minecraft:andesite":8,"minecraft:leather":1,"minecraft:torch":1,"minecraft:red_mushroom":1,"minecraft:gravel":30,"minecraft:porkchop":3,"minecraft:flint":2,"minecraft:oak_log":38,"minecraft:diorite":5,"minecraft:shield":1,"minecraft:amethyst_block":3,"minecraft:string":3,"minecraft:dirt":178,"minecraft:raw_copper":10,"minecraft:pumpkin_seeds":1,"minecraft:wheat_seeds":2,"minecraft:granite":7,"minecraft:beef":2,"minecraft:azalea":2,"minecraft:calcite":8,"minecraft:wooden_shovel":3,"minecraft:melon_slice":51,"minecraft:chest":12,"minecraft:mutton":2,"minecraft:coal":10,"minecraft:cobblestone":38,"minecraft:egg":1},"minecraft:crafted":{"minecraft:oak_planks":24,"minecraft:wooden_shovel":1,"minecraft:stone_shovel":1,"minecraft:stick":8,"minecraft:stone_pickaxe":1,"minecraft:wooden_axe":1,"minecraft:bowl":4},"minecraft:dropped":{"minecraft:dirt":63,"minecraft:wooden_axe":1,"minecraft:wooden_shovel":1,"minecraft:mushroom_stew":2},"minecraft:mined":{"minecraft:podzol":26,"minecraft:oak_slab":6,"minecraft:iron_ore":5,"minecraft:birch_log":15,"minecraft:andesite":7,"minecraft:pumpkin":1,"minecraft:clay":15,"minecraft:granite":6,"minecraft:calcite":8,"minecraft:coal_ore":5,"minecraft:oak_log":32,"minecraft:grass_block":88,"minecraft:melon":6,"minecraft:chest":9,"minecraft:gravel":39,"minecraft:dirt":9,"minecraft:copper_ore":7,"minecraft:stone":31,"minecraft:diorite":5,"minecraft:amethyst_block":3},"minecraft:custom":{"minecraft:time_since_rest":36542,"minecraft:interact_with_furnace":3,"minecraft:sprint_one_cm":2454,"minecraft:damage_taken":26,"minecraft:walk_one_cm":76368,"minecraft:mob_kills":1,"minecraft:drop":7,"minecraft:damage_dealt":151,"minecraft:player_kills":1,"minecraft:interact_with_crafting_table":8,"minecraft:fly_one_cm":1101,"minecraft:open_chest":38,"minecraft:crouch_one_cm":27718,"minecraft:play_time":36542,"minecraft:sneak_time":8998,"minecraft:jump":50,"minecraft:time_since_death":36542,"minecraft:total_world_time":36542}},"DataVersion":3120}