{"stats":{"minecraft:used":{"minecraft:oak_fence":9,"minecraft:stone_shovel":13,"minecraft:stone_pickaxe":128,"minecraft:chest":8,"minecraft:shield":5,"minecraft:wooden_shovel":124,"minecraft:torch":3,"minecraft:dirt":193,"minecraft:oak_slab":7,"minecraft:mushroom_stew":11,"minecraft:snowball":16,"minecraft:wooden_axe":16,"minecraft:sweet_berries":1},"minecraft:broken":{"minecraft:stone_pickaxe":1,"minecraft:wooden_shovel":3},"minecraft:picked_up":{"minecraft:birch_log":11,"minecraft:feather":1,"minecraft:chicken":3,"minecraft:clay_ball":76,"minecraft:andesite":23,"minecraft:leather":1,"minecraft:red_mushroom":1,"minecraft:flint":2,"minecraft:oak_log":39,"minecraft:shield":1,"minecraft:amethyst_block":3,"minecraft:string":3,"minecraft:dirt":197,"minecraft:raw_copper":10,"minecraft:bone":2,"minecraft:gray_terracotta":2,"minecraft:wheat_seeds":2,"minecraft:raw_gold":1,"minecraft:beef":7,"minecraft:calcite":20,"minecraft:azalea":2,"minecraft:wooden_shovel":3,"minecraft:melon_slice":51,"minecraft:chest":14,"minecraft:egg":1,"minecraft:smooth_basalt":1,"minecraft:tipped_arrow":1,"minecraft:lime_wool":1,"minecraft:oak_slab":4,"minecraft:raw_iron":10,"minecraft:pumpkin":4,"minecraft:sweet_berries":2,"minecraft:torch":1,"minecraft:gravel":33,"minecraft:porkchop":3,"minecraft:spruce_sapling":2,"minecraft:diorite":20,"minecraft:spruce_log":4,"minecraft:pumpkin_seeds":1,"minecraft:white_concrete_powder":9,"minecraft:blue_ice":2,"minecraft:granite":14,"minecraft:white_terracotta":4,"minecraft:mutton":2,"minecraft:coal":13,"minecraft:snowball":16,"minecraft:cobblestone":65},"minecraft:killed":{"minecraft:polar_bear":1},"minecraft:dropped":{"minecraft:mushroom_stew":2,"minecraft:dirt":66,"minecraft:wooden_axe":1,"minecraft:wooden_shovel":1,"minecraft:calcite":8,"minecraft:bone":2},"minecraft:crafted":{"minecraft:oak_planks":40,"minecraft:wooden_shovel":1,"minecraft:stone_shovel":1,"minecraft:bowl":4,"minecraft:stick":16,"minecraft:stone_pickaxe":1,"minecraft:wooden_axe":1,"minecraft:oak_fence":9},"minecraft:custom":{"minecraft:interact_with_furnace":5,"minecraft:mob_kills":2,"minecraft:interact_with_crafting_table":12,"minecraft:leave_game":2,"minecraft:time_since_death":65090,"minecraft:time_since_rest":65090,"minecraft:sprint_one_cm":19880,"minecraft:damage_taken":661,"minecraft:walk_one_cm":145761,"minecraft:damage_blocked_by_shield":380,"minecraft:drop":11,"minecraft:damage_dealt":692,"minecraft:fly_one_cm":12473,"minecraft:player_kills":1,"minecraft:open_chest":71,"minecraft:crouch_one_cm":45260,"minecraft:play_time":65090,"minecraft:sneak_time":13211,"minecraft:jump":234,"minecraft:total_world_time":65090,"minecraft:fall_one_cm":544},"minecraft:mined":{"minecraft:podzol":26,"minecraft:gray_terracotta":1,"minecraft:oak_slab":7,"minecraft:clay":15,"minecraft:granite":12,"minecraft:grass_block":91,"minecraft:calcite":11,"minecraft:melon":6,"minecraft:chest":13,"minecraft:copper_ore":7,"minecraft:diorite":7,"minecraft:white_concrete_powder":5,"minecraft:amethyst_block":4,"minecraft:white_terracotta":2,"minecraft:birch_log":15,"minecraft:iron_ore":7,"minecraft:spruce_log":1,"minecraft:andesite":8,"minecraft:pumpkin":1,"minecraft:oak_log":32,"minecraft:coal_ore":6,"minecraft:gravel":42,"minecraft:dirt":19,"minecraft:stone":41}},"DataVersion":3120}