{"stats":{"minecraft:used":{"minecraft:dirt":40,"minecraft:chest":3,"minecraft:wooden_shovel":12},"minecraft:broken":{"minecraft:wooden_shovel":1},"minecraft:picked_up":{"minecraft:clay_ball":12,"minecraft:gravel":7,"minecraft:oak_log":5,"minecraft:wooden_shovel":2,"minecraft:chest":3,"minecraft:dirt":46,"minecraft:birch_log":6},"minecraft:mined":{"minecraft:podzol":9,"minecraft:grass_block":28,"minecraft:oak_log":3,"minecraft:chest":3,"minecraft:gravel":7,"minecraft:dirt":1,"minecraft:birch_log":9,"minecraft:clay":2},"minecraft:custom":{"minecraft:open_chest":6,"minecraft:time_since_rest":12542,"minecraft:crouch_one_cm":15028,"minecraft:play_time":12542,"minecraft:damage_taken":26,"minecraft:walk_one_cm":29023,"minecraft:sneak_time":4663,"minecraft:jump":25,"minecraft:damage_dealt":40,"minecraft:time_since_death":12542,"minecraft:total_world_time":12542,"minecraft:fly_one_cm":366}},"DataVersion":3120}