{"stats":{"minecraft:used":{"minecraft:stone_shovel":5,"minecraft:stone_pickaxe":105,"minecraft:chest":5,"minecraft:shield":4,"minecraft:wooden_shovel":124,"minecraft:torch":3,"minecraft:dirt":192,"minecraft:mushroom_stew":5,"minecraft:wooden_axe":16},"minecraft:broken":{"minecraft:wooden_shovel":3},"minecraft:picked_up":{"minecraft:birch_log":11,"minecraft:feather":1,"minecraft:chicken":3,"minecraft:clay_ball":76,"minecraft:andesite":9,"minecraft:leather":1,"minecraft:red_mushroom":1,"minecraft:flint":2,"minecraft:oak_log":39,"minecraft:shield":1,"minecraft:amethyst_block":3,"minecraft:dirt":188,"minecraft:string":3,"minecraft:raw_copper":10,"minecraft:wheat_seeds":2,"minecraft:raw_gold":1,"minecraft:beef":5,"minecraft:calcite":9,"minecraft:azalea":2,"minecraft:wooden_shovel":3,"minecraft:melon_slice":51,"minecraft:chest":12,"minecraft:egg":1,"minecraft:lime_wool":1,"minecraft:oak_slab":4,"minecraft:raw_iron":6,"minecraft:pumpkin":4,"minecraft:torch":1,"minecraft:gravel":30,"minecraft:porkchop":3,"minecraft:diorite":11,"minecraft:pumpkin_seeds":1,"minecraft:granite":10,"minecraft:mutton":2,"minecraft:coal":13,"minecraft:cobblestone":40},"minecraft:dropped":{"minecraft:mushroom_stew":2,"minecraft:dirt":66,"minecraft:wooden_axe":1,"minecraft:wooden_shovel":1},"minecraft:crafted":{"minecraft:oak_planks":40,"minecraft:wooden_shovel":1,"minecraft:stone_shovel":1,"minecraft:bowl":4,"minecraft:stick":16,"minecraft:stone_pickaxe":1,"minecraft:wooden_axe":1,"minecraft:oak_fence":6},"minecraft:custom":{"minecraft:interact_with_furnace":3,"minecraft:mob_kills":1,"minecraft:interact_with_crafting_table":11,"minecraft:leave_game":1,"minecraft:time_since_death":50188,"minecraft:time_since_rest":50188,"minecraft:sprint_one_cm":4113,"minecraft:damage_taken":281,"minecraft:walk_one_cm":100776,"minecraft:damage_blocked_by_shield":340,"minecraft:drop":8,"minecraft:damage_dealt":151,"minecraft:fly_one_cm":2162,"minecraft:player_kills":1,"minecraft:open_chest":50,"minecraft:crouch_one_cm":42632,"minecraft:play_time":50188,"minecraft:sneak_time":12373,"minecraft:jump":92,"minecraft:total_world_time":50188},"minecraft:mined":{"minecraft:podzol":26,"minecraft:oak_slab":6,"minecraft:clay":15,"minecraft:granite":9,"minecraft:grass_block":88,"minecraft:calcite":9,"minecraft:melon":6,"minecraft:chest":10,"minecraft:copper_ore":7,"minecraft:diorite":7,"minecraft:amethyst_block":4,"minecraft:birch_log":15,"minecraft:iron_ore":7,"minecraft:andesite":8,"minecraft:pumpkin":1,"minecraft:oak_log":32,"minecraft:coal_ore":6,"minecraft:gravel":39,"minecraft:dirt":18,"minecraft:stone":32}},"DataVersion":3120}