{"stats":{"minecraft:crafted":{"minecraft:crimson_planks":68,"minecraft:oak_slab":60,"minecraft:oak_planks":68,"minecraft:wooden_shovel":1,"minecraft:crafting_table":2,"minecraft:wooden_pickaxe":1,"minecraft:crimson_slab":78,"minecraft:warped_planks":52,"minecraft:stick":8,"minecraft:warped_slab":54,"minecraft:wooden_axe":1},"minecraft:mined":{"minecraft:podzol":20,"minecraft:oak_slab":4,"minecraft:crafting_table":1,"minecraft:clay":9,"minecraft:grass_block":23,"minecraft:crimson_slab":4,"minecraft:moss_block":15,"minecraft:rooted_dirt":27,"minecraft:crimson_stem":19,"minecraft:coarse_dirt":13,"treechop:chopped_log":1,"minecraft:oak_log":17,"minecraft:mycelium":14,"minecraft:warped_stem":16,"minecraft:dirt":16,"minecraft:crimson_planks":1,"minecraft:oak_leaves":72,"minecraft:warped_slab":1},"minecraft:used":{"minecraft:wooden_shovel":49,"minecraft:dirt":38,"minecraft:oak_slab":66,"minecraft:crafting_table":3,"minecraft:wooden_axe":45,"minecraft:apple":1,"minecraft:rooted_dirt":22,"minecraft:warped_slab":55,"minecraft:crimson_slab":68,"minecraft:crimson_planks":4,"minecraft:oak_sapling":1,"minecraft:coarse_dirt":2},"minecraft:broken":{"minecraft:wooden_axe":1},"minecraft:killed":{"minecraft:zombie":1},"minecraft:custom":{"minecraft:mob_kills":2,"minecraft:interact_with_crafting_table":8,"minecraft:leave_game":3,"minecraft:time_since_death":655,"minecraft:time_since_rest":679,"minecraft:sprint_one_cm":48096,"minecraft:damage_taken":5669,"minecraft:walk_one_cm":94709,"minecraft:drop":15,"minecraft:damage_dealt":699,"minecraft:fly_one_cm":60266,"minecraft:player_kills":1,"minecraft:open_chest":4,"minecraft:crouch_one_cm":27566,"minecraft:play_time":37442,"minecraft:deaths":16,"minecraft:sneak_time":11531,"minecraft:jump":309,"minecraft:total_world_time":37442,"minecraft:fall_one_cm":2514},"minecraft:picked_up":{"minecraft:coarse_dirt":13,"minecraft:crafting_table":1,"minecraft:clay_ball":36,"minecraft:crimson_stem":18,"minecraft:oak_log":17,"minecraft:crimson_planks":1,"minecraft:dirt":67,"minecraft:apple":1,"minecraft:warped_stem":15,"minecraft:rabbit_hide":1,"minecraft:warped_slab":2,"minecraft:moss_block":14,"minecraft:oak_slab":6,"minecraft:stick":3,"minecraft:rotten_flesh":2,"minecraft:rooted_dirt":25,"minecraft:oak_sapling":6,"minecraft:crimson_slab":4},"minecraft:killed_by":{"minecraft:player":3,"minecraft:skeleton":2,"minecraft:creeper":2,"minecraft:zombie":2,"simon:simon_12":3,"mca:male_zombie_villager":1,"midnightlurker:midnight_lurker_unprovoked":2},"minecraft:dropped":{"minecraft:crimson_planks":24,"minecraft:warped_stem":2,"minecraft:moss_block":8,"minecraft:coarse_dirt":3,"minecraft:rotten_flesh":2,"minecraft:clay_ball":16,"minecraft:oak_planks":19,"minecraft:rooted_dirt":3,"minecraft:warped_planks":24,"minecraft:stick":2,"minecraft:dirt":13,"minecraft:warped_slab":1,"minecraft:wooden_pickaxe":1,"mca:book_rose_gold":1}},"DataVersion":3120}