{"stats":{"minecraft:crafted":{"minecraft:crimson_planks":68,"minecraft:oak_slab":60,"minecraft:oak_planks":68,"minecraft:wooden_shovel":1,"minecraft:crafting_table":2,"minecraft:wooden_pickaxe":1,"minecraft:crimson_slab":78,"minecraft:warped_planks":52,"minecraft:stick":8,"minecraft:warped_slab":54,"minecraft:wooden_axe":1},"minecraft:mined":{"minecraft:podzol":18,"minecraft:oak_slab":2,"minecraft:crafting_table":1,"minecraft:clay":7,"minecraft:grass_block":19,"minecraft:crimson_slab":4,"minecraft:moss_block":14,"minecraft:rooted_dirt":24,"minecraft:crimson_stem":18,"minecraft:coarse_dirt":13,"treechop:chopped_log":1,"minecraft:oak_log":17,"minecraft:mycelium":13,"minecraft:warped_stem":16,"minecraft:dirt":12,"minecraft:crimson_planks":1,"minecraft:oak_leaves":71,"minecraft:warped_slab":1},"minecraft:used":{"minecraft:wooden_shovel":38,"minecraft:dirt":17,"minecraft:oak_slab":50,"minecraft:crafting_table":3,"minecraft:wooden_axe":29,"minecraft:apple":1,"minecraft:rooted_dirt":9,"minecraft:warped_slab":55,"minecraft:crimson_slab":57,"minecraft:crimson_planks":4,"minecraft:oak_sapling":1,"minecraft:coarse_dirt":2},"minecraft:killed":{"minecraft:zombie":1},"minecraft:custom":{"minecraft:mob_kills":2,"minecraft:interact_with_crafting_table":8,"minecraft:leave_game":2,"minecraft:time_since_death":5838,"minecraft:time_since_rest":5931,"minecraft:sprint_one_cm":17111,"minecraft:damage_taken":1400,"minecraft:walk_one_cm":54745,"minecraft:drop":15,"minecraft:damage_dealt":321,"minecraft:fly_one_cm":8832,"minecraft:player_kills":1,"minecraft:open_chest":2,"minecraft:crouch_one_cm":23421,"minecraft:play_time":25787,"minecraft:deaths":4,"minecraft:sneak_time":10261,"minecraft:jump":102,"minecraft:total_world_time":25787,"minecraft:fall_one_cm":566},"minecraft:picked_up":{"minecraft:coarse_dirt":13,"minecraft:crafting_table":1,"minecraft:clay_ball":28,"minecraft:crimson_stem":17,"minecraft:oak_log":17,"minecraft:crimson_planks":1,"minecraft:dirt":59,"minecraft:apple":1,"minecraft:warped_stem":15,"minecraft:rabbit_hide":1,"minecraft:warped_slab":2,"minecraft:moss_block":13,"minecraft:oak_slab":4,"minecraft:stick":3,"minecraft:rotten_flesh":2,"minecraft:rooted_dirt":23,"minecraft:oak_sapling":6,"minecraft:crimson_slab":4},"minecraft:killed_by":{"minecraft:player":1,"minecraft:skeleton":1,"minecraft:zombie":1,"midnightlurker:midnight_lurker_unprovoked":1},"minecraft:dropped":{"minecraft:crimson_planks":24,"minecraft:warped_stem":2,"minecraft:moss_block":8,"minecraft:coarse_dirt":3,"minecraft:rotten_flesh":2,"minecraft:clay_ball":16,"minecraft:oak_planks":19,"minecraft:rooted_dirt":3,"minecraft:warped_planks":24,"minecraft:stick":2,"minecraft:dirt":13,"minecraft:warped_slab":1,"minecraft:wooden_pickaxe":1,"mca:book_rose_gold":1}},"DataVersion":3120}