{"stats":{"minecraft:used":{"minecraft:water_bucket":1,"minecraft:stone_pickaxe":104,"minecraft:wooden_pickaxe":18,"minecraft:wooden_shovel":202,"minecraft:torch":2,"minecraft:dirt":72,"minecraft:oak_slab":84,"minecraft:crafting_table":1,"minecraft:wooden_axe":164,"minecraft:apple":4,"minecraft:melon_slice":5,"minecraft:grass_block":1,"minecraft:stone_axe":2,"minecraft:furnace":1,"minecraft:bucket":1},"minecraft:broken":{"minecraft:wooden_shovel":2,"minecraft:wooden_axe":3},"minecraft:picked_up":{"minecraft:wooden_axe":2,"minecraft:birch_log":29,"minecraft:feather":5,"minecraft:chicken":5,"minecraft:clay_ball":116,"minecraft:andesite":5,"minecraft:yellow_wool":2,"minecraft:leather":2,"minecraft:potato":1,"minecraft:flint":2,"minecraft:oak_log":68,"minecraft:shield":1,"minecraft:dirt":229,"minecraft:raw_copper":42,"man:cassette_1safetyinstructions":1,"minecraft:bone":2,"minecraft:magenta_wool":1,"minecraft:apple":8,"minecraft:wheat_seeds":8,"minecraft:beef":4,"minecraft:azalea":3,"minecraft:wooden_shovel":8,"minecraft:melon_slice":79,"minecraft:chest":12,"minecraft:oak_slab":12,"minecraft:raw_iron":4,"minecraft:pumpkin":4,"minecraft:red_wool":1,"minecraft:torch":2,"minecraft:gravel":46,"minecraft:porkchop":5,"minecraft:pumpkin_seeds":1,"minecraft:granite":2,"minecraft:melon_seeds":1,"minecraft:black_wool":1,"minecraft:mutton":7,"minecraft:coal":2,"minecraft:cobblestone":39},"minecraft:killed":{"minecraft:pig":4,"minecraft:sheep":4,"minecraft:chicken":5,"minecraft:cow":3},"minecraft:crafted":{"minecraft:oak_slab":84,"minecraft:oak_planks":72,"minecraft:crafting_table":1,"minecraft:wooden_pickaxe":1,"minecraft:furnace":1,"minecraft:stone_axe":1,"minecraft:air":0,"minecraft:shield":3,"minecraft:stick":16,"minecraft:iron_ingot":8,"minecraft:stone_pickaxe":1,"minecraft:wooden_axe":3},"minecraft:dropped":{"minecraft:stone_axe":1,"minecraft:cobblestone":18,"minecraft:dirt":16,"minecraft:shield":3,"minecraft:wooden_axe":1,"minecraft:wooden_shovel":5},"minecraft:custom":{"minecraft:interact_with_furnace":12,"minecraft:mob_kills":17,"minecraft:interact_with_crafting_table":15,"minecraft:leave_game":1,"minecraft:time_since_death":51939,"minecraft:time_since_rest":51939,"minecraft:sprint_one_cm":4193,"minecraft:damage_taken":640,"minecraft:walk_one_cm":77325,"minecraft:drop":13,"minecraft:damage_dealt":1540,"minecraft:player_kills":2,"minecraft:fly_one_cm":2582,"minecraft:open_chest":26,"minecraft:crouch_one_cm":26522,"minecraft:play_time":51939,"minecraft:sneak_time":15782,"minecraft:walk_under_water_one_cm":993,"minecraft:jump":108,"minecraft:walk_on_water_one_cm":132,"minecraft:total_world_time":51939,"minecraft:fall_one_cm":4956},"minecraft:mined":{"minecraft:podzol":30,"minecraft:oak_slab":15,"minecraft:clay":34,"minecraft:granite":6,"minecraft:grass_block":152,"minecraft:melon":18,"minecraft:chest":15,"minecraft:copper_ore":20,"minecraft:diorite":3,"minecraft:wall_torch":3,"minecraft:amethyst_block":3,"minecraft:birch_log":29,"minecraft:iron_ore":5,"minecraft:andesite":10,"minecraft:pumpkin":7,"minecraft:oak_log":73,"minecraft:coal_ore":4,"minecraft:dirt_path":1,"minecraft:gravel":42,"minecraft:dirt":27,"minecraft:smooth_basalt":2,"minecraft:stone":53}},"DataVersion":3120}