{"stats":{"minecraft:used":{"minecraft:water_bucket":1,"minecraft:stone_pickaxe":128,"minecraft:shield":1,"minecraft:wooden_pickaxe":18,"minecraft:wooden_shovel":202,"minecraft:torch":6,"minecraft:dirt":72,"minecraft:oak_slab":92,"minecraft:crafting_table":2,"minecraft:wooden_axe":164,"minecraft:apple":8,"minecraft:melon_slice":5,"minecraft:grass_block":1,"minecraft:iron_pickaxe":154,"minecraft:gravel":2,"minecraft:stone_axe":49,"minecraft:furnace":2,"minecraft:bucket":1},"minecraft:broken":{"minecraft:wooden_shovel":2,"minecraft:wooden_axe":3,"minecraft:stone_pickaxe":1},"minecraft:picked_up":{"minecraft:wooden_axe":2,"minecraft:birch_log":39,"minecraft:crafting_table":1,"minecraft:feather":13,"minecraft:chicken":5,"minecraft:clay_ball":116,"minecraft:andesite":7,"minecraft:yellow_wool":2,"minecraft:leather":8,"minecraft:wooden_pickaxe":1,"minecraft:music_disc_stal":1,"minecraft:potato":1,"minecraft:flint":3,"minecraft:oak_log":78,"minecraft:shield":1,"minecraft:amethyst_block":16,"minecraft:string":3,"minecraft:dirt":253,"minecraft:raw_copper":117,"man:cassette_1safetyinstructions":1,"minecraft:bone":2,"minecraft:magenta_wool":1,"minecraft:apple":8,"minecraft:wheat_seeds":8,"minecraft:iron_ingot":3,"minecraft:beef":4,"minecraft:calcite":6,"minecraft:azalea":3,"minecraft:wooden_shovel":9,"minecraft:melon_slice":86,"minecraft:chest":16,"minecraft:oak_slab":17,"minecraft:smooth_basalt":3,"minecraft:raw_iron":18,"minecraft:pumpkin":5,"minecraft:red_wool":1,"minecraft:torch":3,"minecraft:gravel":63,"minecraft:porkchop":5,"minecraft:diorite":15,"minecraft:leather_helmet":1,"minecraft:pumpkin_seeds":1,"minecraft:rotten_flesh":1,"minecraft:writable_book":1,"minecraft:granite":10,"minecraft:melon_seeds":1,"minecraft:black_wool":1,"minecraft:mutton":7,"minecraft:coal":18,"minecraft:rail":2,"minecraft:cobblestone":75},"minecraft:killed":{"minecraft:pig":4,"minecraft:spider":1,"minecraft:sheep":4,"minecraft:zombie":1,"minecraft:chicken":5,"minecraft:cow":3},"minecraft:crafted":{"minecraft:oak_slab":84,"minecraft:oak_planks":80,"minecraft:crafting_table":1,"minecraft:wooden_pickaxe":1,"minecraft:furnace":2,"minecraft:stone_axe":2,"minecraft:air":0,"minecraft:shield":3,"minecraft:stick":32,"minecraft:iron_pickaxe":1,"minecraft:iron_ingot":10,"minecraft:stone_pickaxe":1,"minecraft:wooden_axe":3,"minecraft:torch":8},"minecraft:dropped":{"minecraft:stone_axe":1,"minecraft:cobblestone":18,"minecraft:dirt":16,"minecraft:shield":3,"minecraft:wooden_axe":1,"minecraft:wooden_shovel":5},"minecraft:custom":{"minecraft:interact_with_furnace":18,"minecraft:mob_kills":19,"minecraft:interact_with_crafting_table":20,"minecraft:leave_game":1,"minecraft:time_since_death":63939,"minecraft:time_since_rest":63939,"minecraft:sprint_one_cm":7473,"minecraft:damage_taken":685,"minecraft:walk_one_cm":94383,"minecraft:damage_blocked_by_shield":30,"minecraft:drop":13,"minecraft:damage_dealt":2062,"minecraft:player_kills":2,"minecraft:fly_one_cm":2869,"minecraft:open_chest":39,"minecraft:crouch_one_cm":27572,"minecraft:play_time":63939,"minecraft:sneak_time":16413,"minecraft:walk_under_water_one_cm":993,"minecraft:jump":124,"minecraft:walk_on_water_one_cm":132,"minecraft:total_world_time":63939,"minecraft:fall_one_cm":4956},"minecraft:mined":{"minecraft:podzol":30,"minecraft:oak_slab":15,"minecraft:clay":34,"minecraft:granite":21,"minecraft:calcite":6,"minecraft:grass_block":161,"minecraft:melon":19,"minecraft:chest":17,"minecraft:copper_ore":42,"minecraft:diorite":23,"minecraft:wall_torch":3,"minecraft:amethyst_block":21,"minecraft:birch_log":38,"minecraft:iron_ore":18,"minecraft:andesite":12,"minecraft:pumpkin":8,"minecraft:oak_log":84,"minecraft:coal_ore":17,"minecraft:dirt_path":1,"minecraft:gravel":59,"minecraft:dirt":48,"minecraft:smooth_basalt":8,"minecraft:stone":96}},"DataVersion":3120}