{"stats":{"minecraft:mined":{"minecraft:deepslate_tiles":3,"minecraft:tuff":10,"minecraft:dark_oak_log":1,"minecraft:granite":68,"minecraft:budding_amethyst":5,"minecraft:grass_block":232,"minecraft:deepslate_bricks":12,"minecraft:white_concrete_powder":14,"minecraft:raw_iron_block":1,"minecraft:raw_gold_block":5,"minecraft:iron_ore":49,"minecraft:andesite":41,"minecraft:pumpkin":9,"minecraft:deepslate_lapis_ore":6,"minecraft:deepslate_iron_ore":4,"minecraft:dirt_path":1,"minecraft:packed_ice":23,"minecraft:stone":176,"minecraft:podzol":31,"minecraft:gray_terracotta":7,"minecraft:oak_slab":16,"minecraft:snow_block":66,"minecraft:powder_snow":15,"minecraft:oak_fence":3,"minecraft:clay":38,"minecraft:calcite":42,"minecraft:melon":20,"minecraft:chest":30,"minecraft:copper_ore":77,"minecraft:deepslate_gold_ore":10,"minecraft:diorite":55,"minecraft:wall_torch":4,"minecraft:amethyst_block":58,"minecraft:deepslate_copper_ore":4,"minecraft:white_terracotta":8,"minecraft:blue_terracotta":3,"minecraft:birch_log":42,"minecraft:sweet_berry_bush":1,"minecraft:blue_ice":19,"minecraft:spruce_log":22,"minecraft:oak_log":96,"minecraft:coal_ore":21,"minecraft:dripstone_block":8,"minecraft:gravel":101,"minecraft:dirt":56,"minecraft:smooth_basalt":27,"minecraft:terracotta":14,"minecraft:raw_copper_block":2,"minecraft:gold_ore":10,"minecraft:deepslate":40},"minecraft:custom":{"minecraft:mob_kills":43,"minecraft:interact_with_crafting_table":26,"minecraft:leave_game":2,"minecraft:time_since_death":34234,"minecraft:sprint_one_cm":30311,"minecraft:walk_one_cm":206692,"minecraft:damage_blocked_by_shield":790,"minecraft:drop":17,"minecraft:play_time":128377,"minecraft:deaths":1,"minecraft:sneak_time":18573,"minecraft:walk_under_water_one_cm":993,"minecraft:jump":360,"minecraft:walk_on_water_one_cm":132,"minecraft:total_world_time":128377,"minecraft:interact_with_furnace":38,"minecraft:time_since_rest":34258,"minecraft:damage_taken":1764,"minecraft:damage_dealt":5638,"minecraft:fly_one_cm":12508,"minecraft:player_kills":2,"minecraft:open_chest":93,"minecraft:crouch_one_cm":31477,"minecraft:fall_one_cm":5643},"minecraft:crafted":{"minecraft:oak_planks":84,"minecraft:raw_iron":9,"minecraft:furnace":2,"minecraft:iron_axe":1,"minecraft:stone_pickaxe":3,"minecraft:cooked_cod":3,"minecraft:oak_slab":84,"minecraft:crafting_table":1,"minecraft:spruce_planks":8,"minecraft:wooden_pickaxe":1,"minecraft:leather_helmet":1,"minecraft:stone_axe":2,"minecraft:air":0,"minecraft:golden_apple":3,"minecraft:shield":3,"minecraft:raw_gold":18,"minecraft:stick":40,"minecraft:iron_pickaxe":2,"minecraft:iron_ingot":55,"minecraft:wooden_axe":3,"minecraft:gold_ingot":25,"minecraft:torch":8},"minecraft:used":{"minecraft:oak_fence":3,"minecraft:stone_sword":50,"minecraft:stone_shovel":106,"minecraft:chest":1,"minecraft:shield":20,"minecraft:wooden_shovel":261,"minecraft:torch":12,"minecraft:dirt":72,"minecraft:snowball":180,"minecraft:wooden_axe":164,"minecraft:iron_axe":13,"minecraft:grass_block":1,"minecraft:golden_carrot":1,"minecraft:bow":15,"minecraft:furnace":2,"minecraft:cooked_cod":1,"minecraft:water_bucket":1,"minecraft:stone_pickaxe":394,"minecraft:wooden_pickaxe":18,"minecraft:golden_apple":1,"minecraft:oak_slab":101,"minecraft:crafting_table":2,"minecraft:apple":19,"minecraft:melon_slice":9,"minecraft:iron_pickaxe":471,"minecraft:gravel":2,"minecraft:stone_axe":111,"minecraft:wooden_sword":4,"minecraft:bucket":1},"minecraft:killed_by":{"minecraft:zombie":1},"minecraft:broken":{"minecraft:wooden_shovel":3,"minecraft:stone_pickaxe":3,"minecraft:stone_axe":1,"minecraft:iron_pickaxe":1,"minecraft:wooden_axe":3},"minecraft:dropped":{"minecraft:cobblestone":18,"minecraft:dirt":16,"minecraft:wooden_axe":1,"minecraft:wooden_sword":2,"minecraft:stone_axe":1,"minecraft:stone_sword":1,"minecraft:shield":3,"minecraft:wooden_shovel":5,"minecraft:stone_pickaxe":1},"minecraft:killed":{"minecraft:spider":1,"minecraft:skeleton":1,"minecraft:fox":3,"minecraft:chicken":5,"minecraft:wolf":1,"minecraft:pig":4,"minecraft:polar_bear":3,"minecraft:sheep":4,"minecraft:goat":7,"minecraft:zombie":4,"minecraft:stray":1,"minecraft:cow":3},"minecraft:picked_up":{"minecraft:wooden_axe":2,"minecraft:crafting_table":1,"minecraft:chicken":5,"minecraft:clay_ball":132,"minecraft:yellow_wool":2,"minecraft:wooden_pickaxe":1,"minecraft:shield":2,"minecraft:amethyst_block":39,"minecraft:string":9,"minecraft:raw_copper":267,"minecraft:wooden_sword":3,"minecraft:magenta_wool":1,"minecraft:cobbled_deepslate":40,"minecraft:beef":5,"minecraft:calcite":44,"minecraft:azalea":5,"minecraft:wooden_shovel":9,"minecraft:iron_pickaxe":1,"minecraft:melon_slice":90,"minecraft:chest":29,"minecraft:raw_copper_block":3,"minecraft:tipped_arrow":8,"minecraft:dark_oak_sapling":2,"minecraft:raw_iron":49,"minecraft:raw_gold_block":8,"minecraft:copper_ingot":1,"minecraft:oak_fence":3,"minecraft:torch":11,"minecraft:porkchop":5,"minecraft:diorite":41,"minecraft:music_disc_pigstep":2,"minecraft:rabbit_foot":2,"minecraft:stone_sword":2,"minecraft:arrow":10,"minecraft:rotten_flesh":4,"minecraft:deepslate_bricks":12,"minecraft:gold_ingot":2,"minecraft:white_terracotta":6,"minecraft:mutton":7,"minecraft:cod":3,"minecraft:snowball":217,"minecraft:rail":6,"minecraft:cobblestone":153,"minecraft:birch_log":43,"minecraft:feather":13,"minecraft:golden_carrot":4,"minecraft:andesite":17,"minecraft:leather":12,"minecraft:powder_snow_bucket":1,"minecraft:music_disc_stal":1,"minecraft:potato":1,"minecraft:ice":1,"minecraft:flint":10,"minecraft:tuff":10,"minecraft:oak_log":89,"minecraft:map":1,"minecraft:lapis_lazuli":44,"minecraft:dirt":336,"man:cassette_1safetyinstructions":1,"minecraft:bone":11,"minecraft:apple":17,"minecraft:bow":1,"minecraft:gray_terracotta":6,"minecraft:wheat_seeds":8,"minecraft:raw_gold":18,"minecraft:rabbit_hide":6,"minecraft:iron_ingot":3,"minecraft:stone_pickaxe":5,"minecraft:oak_planks":5,"minecraft:book":6,"minecraft:oak_slab":25,"minecraft:smooth_basalt":22,"minecraft:pumpkin":6,"minecraft:sweet_berries":2,"minecraft:red_wool":1,"minecraft:budding_amethyst":3,"minecraft:dripstone_block":10,"minecraft:raw_iron_block":1,"minecraft:gravel":113,"minecraft:spruce_sapling":5,"minecraft:spruce_log":19,"minecraft:leather_helmet":2,"minecraft:pumpkin_seeds":1,"minecraft:blue_terracotta":2,"minecraft:white_concrete_powder":7,"minecraft:stone_axe":1,"minecraft:writable_book":1,"minecraft:granite":59,"minecraft:blue_ice":2,"minecraft:bone_meal":10,"minecraft:terracotta":12,"minecraft:black_wool":1,"minecraft:melon_seeds":1,"minecraft:coal":27}},"DataVersion":3120}