{"stats":{"minecraft:mined":{"minecraft:dark_oak_log":1,"minecraft:granite":53,"minecraft:budding_amethyst":1,"minecraft:grass_block":214,"minecraft:white_concrete_powder":14,"minecraft:raw_iron_block":1,"minecraft:raw_gold_block":5,"minecraft:iron_ore":41,"minecraft:andesite":40,"minecraft:pumpkin":8,"minecraft:dirt_path":1,"minecraft:packed_ice":21,"minecraft:stone":154,"minecraft:podzol":30,"minecraft:gray_terracotta":7,"minecraft:oak_slab":16,"minecraft:snow_block":39,"minecraft:powder_snow":12,"minecraft:oak_fence":3,"minecraft:clay":37,"minecraft:calcite":29,"minecraft:melon":20,"minecraft:chest":26,"minecraft:copper_ore":65,"minecraft:diorite":50,"minecraft:wall_torch":4,"minecraft:amethyst_block":45,"minecraft:white_terracotta":6,"minecraft:blue_terracotta":3,"minecraft:birch_log":40,"minecraft:sweet_berry_bush":1,"minecraft:blue_ice":10,"minecraft:spruce_log":7,"minecraft:oak_log":89,"minecraft:coal_ore":19,"minecraft:dripstone_block":6,"minecraft:gravel":84,"minecraft:dirt":53,"minecraft:smooth_basalt":24,"minecraft:terracotta":12,"minecraft:raw_copper_block":2,"minecraft:gold_ore":8},"minecraft:custom":{"minecraft:mob_kills":34,"minecraft:interact_with_crafting_table":23,"minecraft:leave_game":2,"minecraft:time_since_death":10234,"minecraft:sprint_one_cm":21406,"minecraft:walk_one_cm":173264,"minecraft:damage_blocked_by_shield":790,"minecraft:drop":16,"minecraft:play_time":104377,"minecraft:deaths":1,"minecraft:sneak_time":17141,"minecraft:walk_under_water_one_cm":993,"minecraft:jump":262,"minecraft:walk_on_water_one_cm":132,"minecraft:total_world_time":104377,"minecraft:interact_with_furnace":31,"minecraft:time_since_rest":10258,"minecraft:damage_taken":1409,"minecraft:damage_dealt":4137,"minecraft:fly_one_cm":6456,"minecraft:player_kills":2,"minecraft:open_chest":72,"minecraft:crouch_one_cm":29239,"minecraft:fall_one_cm":4956},"minecraft:crafted":{"minecraft:oak_planks":80,"minecraft:raw_iron":9,"minecraft:furnace":2,"minecraft:stone_pickaxe":3,"minecraft:oak_slab":84,"minecraft:crafting_table":1,"minecraft:spruce_planks":8,"minecraft:wooden_pickaxe":1,"minecraft:stone_axe":2,"minecraft:air":0,"minecraft:shield":3,"minecraft:raw_gold":18,"minecraft:stick":32,"minecraft:iron_pickaxe":2,"minecraft:iron_ingot":47,"minecraft:wooden_axe":3,"minecraft:torch":8},"minecraft:used":{"minecraft:oak_fence":3,"minecraft:stone_sword":19,"minecraft:stone_shovel":40,"minecraft:shield":20,"minecraft:wooden_shovel":261,"minecraft:torch":6,"minecraft:dirt":72,"minecraft:snowball":116,"minecraft:wooden_axe":164,"minecraft:grass_block":1,"minecraft:golden_carrot":1,"minecraft:furnace":2,"minecraft:water_bucket":1,"minecraft:stone_pickaxe":390,"minecraft:wooden_pickaxe":18,"minecraft:oak_slab":101,"minecraft:crafting_table":2,"minecraft:apple":13,"minecraft:melon_slice":9,"minecraft:iron_pickaxe":264,"minecraft:gravel":2,"minecraft:stone_axe":97,"minecraft:wooden_sword":4,"minecraft:bucket":1},"minecraft:killed_by":{"minecraft:zombie":1},"minecraft:broken":{"minecraft:wooden_shovel":3,"minecraft:stone_pickaxe":3,"minecraft:iron_pickaxe":1,"minecraft:wooden_axe":3},"minecraft:dropped":{"minecraft:cobblestone":18,"minecraft:dirt":16,"minecraft:wooden_axe":1,"minecraft:wooden_sword":2,"minecraft:stone_axe":1,"minecraft:shield":3,"minecraft:wooden_shovel":5,"minecraft:stone_pickaxe":1},"minecraft:killed":{"minecraft:spider":1,"minecraft:fox":1,"minecraft:chicken":5,"minecraft:wolf":1,"minecraft:pig":4,"minecraft:polar_bear":1,"minecraft:sheep":4,"minecraft:goat":4,"minecraft:zombie":3,"minecraft:stray":1,"minecraft:cow":3},"minecraft:picked_up":{"minecraft:wooden_axe":2,"minecraft:crafting_table":1,"minecraft:chicken":5,"minecraft:clay_ball":128,"minecraft:yellow_wool":2,"minecraft:wooden_pickaxe":1,"minecraft:shield":2,"minecraft:amethyst_block":26,"minecraft:string":9,"minecraft:raw_copper":205,"minecraft:wooden_sword":3,"minecraft:magenta_wool":1,"minecraft:beef":5,"minecraft:calcite":31,"minecraft:azalea":4,"minecraft:wooden_shovel":9,"minecraft:iron_pickaxe":1,"minecraft:melon_slice":90,"minecraft:chest":25,"minecraft:raw_copper_block":3,"minecraft:tipped_arrow":1,"minecraft:raw_iron":37,"minecraft:raw_gold_block":8,"minecraft:copper_ingot":1,"minecraft:oak_fence":3,"minecraft:torch":11,"minecraft:porkchop":5,"minecraft:diorite":36,"minecraft:music_disc_pigstep":2,"minecraft:rabbit_foot":2,"minecraft:stone_sword":1,"minecraft:arrow":2,"minecraft:rotten_flesh":3,"minecraft:gold_ingot":2,"minecraft:white_terracotta":4,"minecraft:mutton":7,"minecraft:snowball":115,"minecraft:rail":6,"minecraft:cobblestone":131,"minecraft:birch_log":41,"minecraft:feather":13,"minecraft:golden_carrot":1,"minecraft:andesite":16,"minecraft:leather":12,"minecraft:music_disc_stal":1,"minecraft:potato":1,"minecraft:flint":8,"minecraft:oak_log":82,"minecraft:map":1,"minecraft:dirt":314,"man:cassette_1safetyinstructions":1,"minecraft:bone":2,"minecraft:apple":17,"minecraft:gray_terracotta":6,"minecraft:wheat_seeds":8,"minecraft:raw_gold":6,"minecraft:rabbit_hide":4,"minecraft:iron_ingot":3,"minecraft:stone_pickaxe":5,"minecraft:oak_planks":5,"minecraft:book":6,"minecraft:oak_slab":25,"minecraft:smooth_basalt":21,"minecraft:pumpkin":5,"minecraft:red_wool":1,"minecraft:budding_amethyst":1,"minecraft:dripstone_block":8,"minecraft:raw_iron_block":1,"minecraft:gravel":98,"minecraft:spruce_sapling":3,"minecraft:spruce_log":9,"minecraft:leather_helmet":2,"minecraft:pumpkin_seeds":1,"minecraft:blue_terracotta":2,"minecraft:white_concrete_powder":7,"minecraft:stone_axe":1,"minecraft:writable_book":1,"minecraft:granite":44,"minecraft:blue_ice":2,"minecraft:bone_meal":3,"minecraft:terracotta":10,"minecraft:black_wool":1,"minecraft:melon_seeds":1,"minecraft:coal":25}},"DataVersion":3120}