{"stats":{"minecraft:used":{"minecraft:wooden_axe":156,"minecraft:water_bucket":1,"minecraft:apple":4,"minecraft:wooden_shovel":186,"minecraft:torch":1,"minecraft:dirt":72,"minecraft:oak_slab":84,"minecraft:crafting_table":1,"minecraft:bucket":1},"minecraft:broken":{"minecraft:wooden_axe":2,"minecraft:wooden_shovel":2},"minecraft:picked_up":{"minecraft:wooden_axe":1,"minecraft:birch_log":25,"minecraft:oak_slab":12,"minecraft:chicken":3,"minecraft:feather":3,"minecraft:pumpkin":4,"minecraft:clay_ball":108,"minecraft:yellow_wool":2,"minecraft:leather":2,"minecraft:torch":1,"minecraft:potato":1,"minecraft:gravel":34,"minecraft:porkchop":4,"minecraft:flint":2,"minecraft:oak_log":67,"minecraft:dirt":215,"man:cassette_1safetyinstructions":1,"minecraft:pumpkin_seeds":1,"minecraft:apple":8,"minecraft:wheat_seeds":5,"minecraft:beef":3,"minecraft:azalea":3,"minecraft:wooden_shovel":8,"minecraft:black_wool":1,"minecraft:melon_slice":65,"minecraft:melon_seeds":1,"minecraft:chest":11,"minecraft:mutton":5},"minecraft:crafted":{"minecraft:oak_slab":84,"minecraft:oak_planks":68,"minecraft:crafting_table":1,"minecraft:stick":8,"minecraft:wooden_pickaxe":1,"minecraft:wooden_axe":3},"minecraft:dropped":{"minecraft:dirt":16,"minecraft:wooden_axe":1,"minecraft:wooden_shovel":5},"minecraft:killed":{"minecraft:sheep":4,"minecraft:pig":3,"minecraft:chicken":2,"minecraft:cow":2},"minecraft:mined":{"minecraft:oak_slab":15,"minecraft:birch_log":26,"minecraft:pumpkin":7,"minecraft:clay":33,"minecraft:grass_block":151,"minecraft:oak_log":73,"minecraft:dirt_path":1,"minecraft:melon":15,"minecraft:chest":13,"minecraft:gravel":35,"minecraft:dirt":12,"minecraft:wall_torch":1,"minecraft:podzol":28},"minecraft:custom":{"minecraft:time_since_rest":39939,"minecraft:sprint_one_cm":827,"minecraft:damage_taken":565,"minecraft:walk_one_cm":49725,"minecraft:mob_kills":12,"minecraft:drop":7,"minecraft:damage_dealt":1173,"minecraft:interact_with_crafting_table":10,"minecraft:fly_one_cm":1168,"minecraft:player_kills":2,"minecraft:open_chest":12,"minecraft:crouch_one_cm":26066,"minecraft:play_time":39939,"minecraft:sneak_time":15051,"minecraft:walk_under_water_one_cm":993,"minecraft:jump":81,"minecraft:leave_game":1,"minecraft:time_since_death":39939,"minecraft:walk_on_water_one_cm":132,"minecraft:total_world_time":39939,"minecraft:fall_one_cm":4956}},"DataVersion":3120}