{"stats":{"minecraft:used":{"minecraft:wooden_axe":98,"minecraft:water_bucket":1,"minecraft:apple":4,"minecraft:wooden_shovel":110,"minecraft:torch":1,"minecraft:dirt":19,"minecraft:oak_slab":84,"minecraft:crafting_table":1,"minecraft:bucket":1},"minecraft:broken":{"minecraft:wooden_axe":1,"minecraft:wooden_shovel":1},"minecraft:picked_up":{"minecraft:wooden_axe":1,"minecraft:birch_log":16,"minecraft:oak_slab":12,"minecraft:pumpkin":4,"minecraft:clay_ball":76,"minecraft:leather":1,"minecraft:torch":1,"minecraft:gravel":22,"minecraft:flint":1,"minecraft:oak_log":52,"minecraft:dirt":130,"man:cassette_1safetyinstructions":1,"minecraft:pumpkin_seeds":1,"minecraft:apple":5,"minecraft:wheat_seeds":5,"minecraft:azalea":1,"minecraft:wooden_shovel":7,"minecraft:melon_slice":55,"minecraft:melon_seeds":1,"minecraft:chest":9},"minecraft:crafted":{"minecraft:oak_slab":84,"minecraft:oak_planks":60,"minecraft:crafting_table":1,"minecraft:stick":8,"minecraft:wooden_pickaxe":1,"minecraft:wooden_axe":2},"minecraft:dropped":{"minecraft:dirt":16,"minecraft:wooden_axe":1,"minecraft:wooden_shovel":5},"minecraft:mined":{"minecraft:oak_slab":15,"minecraft:birch_log":13,"minecraft:pumpkin":4,"minecraft:clay":18,"minecraft:grass_block":86,"minecraft:oak_log":47,"minecraft:melon":11,"minecraft:chest":9,"minecraft:gravel":22,"minecraft:dirt":3,"minecraft:wall_torch":1,"minecraft:podzol":18},"minecraft:custom":{"minecraft:time_since_rest":27939,"minecraft:damage_taken":555,"minecraft:walk_one_cm":27711,"minecraft:drop":7,"minecraft:damage_dealt":139,"minecraft:interact_with_crafting_table":8,"minecraft:fly_one_cm":443,"minecraft:player_kills":2,"minecraft:open_chest":10,"minecraft:crouch_one_cm":16558,"minecraft:play_time":27939,"minecraft:sneak_time":10581,"minecraft:walk_under_water_one_cm":993,"minecraft:jump":52,"minecraft:leave_game":1,"minecraft:time_since_death":27939,"minecraft:walk_on_water_one_cm":132,"minecraft:total_world_time":27939,"minecraft:fall_one_cm":4956}},"DataVersion":3120}