{"stats":{"minecraft:mined":{"minecraft:oak_slab":15,"minecraft:gray_terracotta":7,"minecraft:snow_block":13,"minecraft:powder_snow":10,"minecraft:clay":35,"minecraft:budding_amethyst":1,"minecraft:granite":48,"minecraft:calcite":22,"minecraft:grass_block":207,"minecraft:melon":20,"minecraft:chest":25,"minecraft:copper_ore":59,"minecraft:diorite":40,"minecraft:wall_torch":3,"minecraft:amethyst_block":42,"minecraft:white_concrete_powder":14,"minecraft:white_terracotta":5,"minecraft:raw_iron_block":1,"minecraft:blue_terracotta":3,"minecraft:raw_gold_block":5,"minecraft:birch_log":40,"minecraft:iron_ore":40,"minecraft:blue_ice":7,"minecraft:spruce_log":5,"minecraft:andesite":38,"minecraft:pumpkin":8,"minecraft:coal_ore":19,"minecraft:oak_log":88,"minecraft:dirt_path":1,"minecraft:gravel":80,"minecraft:dirt":49,"minecraft:packed_ice":21,"minecraft:smooth_basalt":24,"minecraft:terracotta":12,"minecraft:stone":151,"minecraft:gold_ore":8,"minecraft:podzol":30},"minecraft:custom":{"minecraft:interact_with_furnace":31,"minecraft:mob_kills":27,"minecraft:interact_with_crafting_table":23,"minecraft:leave_game":2,"minecraft:time_since_death":92377,"minecraft:time_since_rest":92377,"minecraft:sprint_one_cm":13968,"minecraft:damage_taken":1029,"minecraft:damage_blocked_by_shield":400,"minecraft:walk_one_cm":147683,"minecraft:drop":14,"minecraft:damage_dealt":3093,"minecraft:fly_one_cm":4654,"minecraft:player_kills":2,"minecraft:open_chest":67,"minecraft:crouch_one_cm":28248,"minecraft:play_time":92377,"minecraft:sneak_time":16841,"minecraft:walk_under_water_one_cm":993,"minecraft:jump":193,"minecraft:walk_on_water_one_cm":132,"minecraft:total_world_time":92377,"minecraft:fall_one_cm":4956},"minecraft:crafted":{"minecraft:oak_slab":84,"minecraft:oak_planks":80,"minecraft:raw_iron":9,"minecraft:crafting_table":1,"minecraft:spruce_planks":8,"minecraft:wooden_pickaxe":1,"minecraft:furnace":2,"minecraft:stone_axe":2,"minecraft:air":0,"minecraft:shield":3,"minecraft:raw_gold":18,"minecraft:stick":32,"minecraft:stone_pickaxe":3,"minecraft:iron_ingot":47,"minecraft:iron_pickaxe":2,"minecraft:wooden_axe":3,"minecraft:torch":8},"minecraft:used":{"minecraft:water_bucket":1,"minecraft:stone_pickaxe":337,"minecraft:wooden_pickaxe":18,"minecraft:shield":8,"minecraft:wooden_shovel":261,"minecraft:torch":6,"minecraft:dirt":72,"minecraft:oak_slab":92,"minecraft:crafting_table":2,"minecraft:snowball":24,"minecraft:wooden_axe":164,"minecraft:apple":13,"minecraft:grass_block":1,"minecraft:melon_slice":9,"minecraft:iron_pickaxe":261,"minecraft:gravel":2,"minecraft:stone_axe":84,"minecraft:golden_carrot":1,"minecraft:furnace":2,"minecraft:bucket":1},"minecraft:dropped":{"minecraft:stone_axe":1,"minecraft:cobblestone":18,"minecraft:dirt":16,"minecraft:shield":3,"minecraft:wooden_axe":1,"minecraft:wooden_shovel":5,"minecraft:stone_pickaxe":1},"minecraft:broken":{"minecraft:stone_pickaxe":2,"minecraft:wooden_shovel":3,"minecraft:iron_pickaxe":1,"minecraft:wooden_axe":3},"minecraft:killed":{"minecraft:pig":4,"minecraft:spider":1,"minecraft:polar_bear":1,"minecraft:sheep":4,"minecraft:goat":3,"minecraft:zombie":1,"minecraft:chicken":5,"minecraft:stray":1,"minecraft:cow":3},"minecraft:picked_up":{"minecraft:wooden_axe":2,"minecraft:birch_log":41,"minecraft:crafting_table":1,"minecraft:feather":13,"minecraft:chicken":5,"minecraft:golden_carrot":1,"minecraft:clay_ball":120,"minecraft:andesite":13,"minecraft:yellow_wool":2,"minecraft:leather":8,"minecraft:music_disc_stal":1,"minecraft:wooden_pickaxe":1,"minecraft:potato":1,"minecraft:flint":6,"minecraft:oak_log":82,"minecraft:shield":1,"minecraft:amethyst_block":22,"minecraft:map":1,"minecraft:string":6,"minecraft:dirt":292,"minecraft:raw_copper":159,"man:cassette_1safetyinstructions":1,"minecraft:wooden_sword":1,"minecraft:bone":2,"minecraft:magenta_wool":1,"minecraft:apple":8,"minecraft:gray_terracotta":6,"minecraft:wheat_seeds":8,"minecraft:raw_gold":6,"minecraft:rabbit_hide":2,"minecraft:iron_ingot":3,"minecraft:beef":4,"minecraft:stone_pickaxe":2,"minecraft:calcite":17,"minecraft:azalea":4,"minecraft:wooden_shovel":9,"minecraft:melon_slice":90,"minecraft:chest":21,"minecraft:book":3,"minecraft:oak_slab":17,"minecraft:raw_iron":36,"minecraft:smooth_basalt":15,"minecraft:raw_gold_block":5,"minecraft:pumpkin":5,"minecraft:budding_amethyst":1,"minecraft:torch":4,"minecraft:red_wool":1,"minecraft:raw_iron_block":1,"minecraft:gravel":81,"minecraft:porkchop":5,"minecraft:music_disc_pigstep":1,"minecraft:spruce_sapling":3,"minecraft:diorite":16,"minecraft:spruce_log":4,"minecraft:leather_helmet":1,"minecraft:pumpkin_seeds":1,"minecraft:arrow":1,"minecraft:blue_terracotta":2,"minecraft:rotten_flesh":1,"minecraft:white_concrete_powder":7,"minecraft:writable_book":1,"minecraft:blue_ice":2,"minecraft:granite":33,"minecraft:gold_ingot":1,"minecraft:white_terracotta":2,"minecraft:terracotta":3,"minecraft:melon_seeds":1,"minecraft:black_wool":1,"minecraft:mutton":7,"minecraft:coal":25,"minecraft:snowball":32,"minecraft:rail":4,"minecraft:cobblestone":106}},"DataVersion":3120}