{"stats":{"minecraft:mined":{"minecraft:deepslate_tiles":61,"minecraft:diamond_ore":4,"minecraft:tuff":63,"minecraft:spruce_planks":1,"minecraft:deepslate_diamond_ore":13,"minecraft:dark_oak_log":34,"minecraft:granite":91,"minecraft:budding_amethyst":28,"minecraft:acacia_log":5,"minecraft:grass_block":248,"minecraft:deepslate_bricks":95,"minecraft:moss_block":138,"minecraft:rooted_dirt":38,"minecraft:white_concrete_powder":14,"minecraft:raw_iron_block":2,"minecraft:raw_gold_block":5,"minecraft:iron_ore":65,"minecraft:cobbled_deepslate":1,"minecraft:green_terracotta":8,"minecraft:andesite":68,"minecraft:pumpkin":9,"minecraft:deepslate_lapis_ore":28,"minecraft:deepslate_iron_ore":44,"minecraft:dirt_path":1,"minecraft:packed_ice":26,"minecraft:stone":259,"minecraft:podzol":36,"minecraft:gray_terracotta":7,"minecraft:oak_slab":33,"minecraft:snow_block":66,"minecraft:powder_snow":15,"minecraft:oak_fence":3,"minecraft:clay":45,"minecraft:light_gray_terracotta":12,"minecraft:calcite":77,"minecraft:melon":20,"minecraft:chest":53,"minecraft:cobblestone":3,"minecraft:copper_ore":103,"minecraft:deepslate_coal_ore":33,"minecraft:lapis_ore":11,"minecraft:deepslate_gold_ore":37,"minecraft:diorite":74,"minecraft:wall_torch":4,"minecraft:amethyst_block":107,"minecraft:deepslate_copper_ore":44,"minecraft:white_terracotta":8,"minecraft:blue_terracotta":3,"minecraft:birch_log":51,"minecraft:sweet_berry_bush":1,"minecraft:blue_ice":19,"minecraft:spruce_log":35,"minecraft:oak_log":138,"minecraft:coal_ore":34,"minecraft:dripstone_block":94,"minecraft:gravel":109,"minecraft:dirt":59,"minecraft:smooth_basalt":48,"minecraft:terracotta":14,"minecraft:raw_copper_block":4,"minecraft:gold_ore":21,"minecraft:deepslate":168},"minecraft:custom":{"minecraft:mob_kills":68,"minecraft:interact_with_crafting_table":30,"minecraft:leave_game":2,"minecraft:time_since_death":34140,"minecraft:sprint_one_cm":109381,"minecraft:walk_one_cm":432657,"minecraft:damage_blocked_by_shield":994,"minecraft:drop":92,"minecraft:play_time":242377,"minecraft:deaths":3,"minecraft:sneak_time":30760,"minecraft:walk_under_water_one_cm":1046,"minecraft:jump":586,"minecraft:walk_on_water_one_cm":6833,"minecraft:total_world_time":242377,"minecraft:interact_with_furnace":44,"minecraft:time_since_rest":34171,"minecraft:damage_taken":4135,"minecraft:damage_absorbed":40,"minecraft:damage_dealt":10767,"minecraft:fly_one_cm":21814,"minecraft:player_kills":2,"minecraft:open_chest":145,"minecraft:crouch_one_cm":56206,"minecraft:fall_one_cm":5643},"minecraft:crafted":{"minecraft:oak_planks":92,"minecraft:raw_iron":18,"minecraft:furnace":2,"minecraft:iron_axe":2,"minecraft:stone_pickaxe":3,"minecraft:cooked_cod":3,"minecraft:oak_slab":84,"minecraft:crafting_table":1,"minecraft:spruce_planks":16,"minecraft:wooden_pickaxe":1,"minecraft:leather_helmet":1,"minecraft:stone_axe":2,"minecraft:air":0,"minecraft:diamond_pickaxe":1,"minecraft:golden_apple":3,"minecraft:shield":3,"minecraft:raw_gold":18,"minecraft:stick":56,"minecraft:iron_pickaxe":3,"minecraft:iron_ingot":60,"minecraft:wooden_axe":3,"minecraft:gold_ingot":25,"minecraft:torch":8},"minecraft:used":{"minecraft:oak_fence":3,"minecraft:stone_sword":67,"minecraft:stone_shovel":108,"minecraft:spruce_planks":9,"minecraft:chest":2,"minecraft:shield":25,"minecraft:iron_sword":26,"minecraft:wooden_shovel":261,"minecraft:rotten_flesh":13,"minecraft:torch":13,"minecraft:dirt":77,"minecraft:tuff":9,"minecraft:axolotl_bucket":19,"minecraft:snowball":187,"minecraft:wooden_axe":164,"minecraft:iron_axe":206,"minecraft:grass_block":1,"minecraft:rooted_dirt":8,"minecraft:golden_carrot":6,"minecraft:bow":15,"minecraft:furnace":2,"minecraft:cooked_cod":1,"minecraft:water_bucket":16,"minecraft:stone_pickaxe":473,"minecraft:wooden_pickaxe":18,"minecraft:deepslate_bricks":3,"minecraft:golden_apple":2,"minecraft:oak_slab":129,"minecraft:crafting_table":2,"minecraft:deepslate_tiles":35,"minecraft:diamond_pickaxe":545,"minecraft:apple":19,"minecraft:melon_slice":42,"minecraft:iron_pickaxe":979,"minecraft:gravel":3,"minecraft:golden_helmet":1,"minecraft:stone_axe":111,"minecraft:wooden_sword":4,"minecraft:cobblestone":3,"minecraft:bucket":35},"minecraft:killed_by":{"minecraft:player":1,"minecraft:zombie":1},"minecraft:broken":{"minecraft:golden_helmet":1,"minecraft:wooden_shovel":3,"minecraft:stone_pickaxe":3,"minecraft:stone_axe":1,"minecraft:iron_pickaxe":3,"minecraft:wooden_axe":3},"minecraft:dropped":{"minecraft:candle":3,"minecraft:moss_block":28,"minecraft:lapis_lazuli":21,"minecraft:oak_log":20,"minecraft:diamond":1,"minecraft:dripstone_block":31,"minecraft:dark_oak_sapling":1,"minecraft:feather":3,"minecraft:cobblestone":18,"minecraft:amethyst_block":18,"minecraft:granite":1,"minecraft:rail":2,"minecraft:dirt":19,"minecraft:dark_oak_log":10,"minecraft:diorite":1,"minecraft:wooden_axe":1,"minecraft:cooked_cod":2,"minecraft:music_disc_ward":1,"minecraft:wooden_sword":2,"minecraft:flowering_azalea":2,"minecraft:iron_pickaxe":1,"minecraft:paper":3,"minecraft:string":1,"minecraft:birch_log":2,"minecraft:smooth_basalt":9,"minecraft:gravel":3,"minecraft:stone_axe":1,"minecraft:brown_dye":2,"minecraft:green_terracotta":10,"minecraft:stone_sword":10,"minecraft:tuff":20,"minecraft:clay_ball":8,"minecraft:light_blue_dye":10,"minecraft:shield":3,"minecraft:andesite":3,"minecraft:chest":4,"minecraft:oak_sapling":1,"minecraft:wooden_shovel":5,"minecraft:spruce_log":5,"minecraft:stone_pickaxe":6,"minecraft:calcite":12},"minecraft:killed":{"minecraft:spider":3,"minecraft:skeleton":5,"minecraft:fox":3,"minecraft:chicken":6,"minecraft:wolf":1,"minecraft:pig":4,"minecraft:polar_bear":3,"minecraft:sheep":4,"minecraft:goat":7,"minecraft:zombie":19,"minecraft:stray":1,"minecraft:cow":3},"minecraft:picked_up":{"minecraft:wooden_axe":2,"minecraft:crafting_table":1,"minecraft:chicken":5,"minecraft:clay_ball":164,"minecraft:yellow_wool":2,"minecraft:wooden_pickaxe":1,"minecraft:shield":2,"minecraft:amethyst_block":69,"minecraft:string":13,"minecraft:raw_copper":377,"minecraft:wooden_sword":3,"minecraft:magenta_wool":1,"minecraft:deepslate_tiles":55,"minecraft:candle":20,"minecraft:cobbled_deepslate":153,"minecraft:spruce_planks":1,"minecraft:beef":5,"minecraft:calcite":72,"minecraft:azalea":8,"minecraft:wooden_shovel":9,"minecraft:poppy":4,"minecraft:iron_pickaxe":3,"minecraft:melon_slice":90,"minecraft:chest":45,"minecraft:raw_copper_block":5,"minecraft:egg":2,"minecraft:tipped_arrow":8,"minecraft:dark_oak_sapling":7,"minecraft:raw_iron":88,"minecraft:raw_gold_block":8,"minecraft:copper_ingot":1,"minecraft:oak_fence":3,"minecraft:torch":23,"minecraft:amethyst_cluster":6,"minecraft:porkchop":5,"minecraft:diorite":43,"minecraft:music_disc_pigstep":2,"minecraft:brown_dye":2,"minecraft:green_terracotta":10,"minecraft:rabbit_foot":2,"minecraft:stone_sword":11,"minecraft:arrow":10,"minecraft:rotten_flesh":18,"minecraft:music_disc_ward":2,"minecraft:deepslate_bricks":93,"minecraft:gold_ingot":2,"minecraft:white_terracotta":6,"minecraft:mutton":7,"minecraft:cod":3,"minecraft:snowball":217,"minecraft:rail":8,"minecraft:cobblestone":232,"minecraft:birch_log":53,"minecraft:feather":21,"minecraft:golden_carrot":4,"minecraft:andesite":27,"minecraft:leather":12,"minecraft:powder_snow_bucket":1,"minecraft:music_disc_stal":1,"minecraft:red_mushroom":2,"minecraft:potato":1,"minecraft:ice":1,"minecraft:flint":10,"minecraft:tuff":51,"minecraft:oak_log":128,"minecraft:gunpowder":4,"minecraft:map":1,"minecraft:lapis_lazuli":293,"minecraft:dirt":360,"minecraft:paper":10,"man:cassette_1safetyinstructions":1,"minecraft:bone":23,"minecraft:apple":17,"minecraft:bow":1,"minecraft:gray_terracotta":6,"minecraft:wheat_seeds":8,"minecraft:raw_gold":54,"minecraft:rabbit_hide":6,"minecraft:light_blue_dye":15,"minecraft:iron_ingot":3,"minecraft:stone_pickaxe":12,"minecraft:flowering_azalea":2,"minecraft:moss_block":92,"minecraft:iron_sword":1,"minecraft:oak_planks":5,"minecraft:book":6,"minecraft:oak_slab":59,"minecraft:smooth_basalt":34,"minecraft:pumpkin":6,"minecraft:sweet_berries":2,"minecraft:red_wool":1,"minecraft:budding_amethyst":7,"minecraft:dripstone_block":46,"minecraft:raw_iron_block":2,"minecraft:gravel":118,"minecraft:amethyst_shard":16,"minecraft:spruce_sapling":9,"minecraft:spruce_log":35,"minecraft:dark_oak_log":22,"minecraft:leather_helmet":2,"minecraft:pumpkin_seeds":1,"minecraft:blue_terracotta":2,"minecraft:white_concrete_powder":7,"minecraft:diamond":23,"minecraft:trader_llama_spawn_egg":1,"minecraft:stone_axe":1,"minecraft:writable_book":2,"minecraft:granite":62,"minecraft:blue_ice":2,"minecraft:bone_meal":12,"minecraft:golden_apple":1,"minecraft:rooted_dirt":29,"minecraft:terracotta":12,"minecraft:oak_sapling":3,"minecraft:black_wool":1,"minecraft:melon_seeds":1,"minecraft:coal":78}},"DataVersion":3120}