{"stats":{"minecraft:mined":{"minecraft:dark_oak_log":1,"minecraft:granite":64,"minecraft:budding_amethyst":2,"minecraft:grass_block":228,"minecraft:white_concrete_powder":14,"minecraft:raw_iron_block":1,"minecraft:raw_gold_block":5,"minecraft:iron_ore":48,"minecraft:andesite":41,"minecraft:pumpkin":9,"minecraft:dirt_path":1,"minecraft:packed_ice":22,"minecraft:stone":162,"minecraft:podzol":31,"minecraft:gray_terracotta":7,"minecraft:oak_slab":16,"minecraft:snow_block":56,"minecraft:powder_snow":14,"minecraft:oak_fence":3,"minecraft:clay":37,"minecraft:calcite":34,"minecraft:melon":20,"minecraft:chest":29,"minecraft:copper_ore":74,"minecraft:diorite":52,"minecraft:wall_torch":4,"minecraft:amethyst_block":45,"minecraft:white_terracotta":8,"minecraft:blue_terracotta":3,"minecraft:birch_log":42,"minecraft:sweet_berry_bush":1,"minecraft:blue_ice":18,"minecraft:spruce_log":16,"minecraft:oak_log":91,"minecraft:coal_ore":21,"minecraft:dripstone_block":8,"minecraft:gravel":97,"minecraft:dirt":56,"minecraft:smooth_basalt":25,"minecraft:terracotta":12,"minecraft:raw_copper_block":2,"minecraft:gold_ore":9},"minecraft:custom":{"minecraft:mob_kills":38,"minecraft:interact_with_crafting_table":26,"minecraft:leave_game":2,"minecraft:time_since_death":22234,"minecraft:sprint_one_cm":24707,"minecraft:walk_one_cm":191089,"minecraft:damage_blocked_by_shield":790,"minecraft:drop":17,"minecraft:play_time":116377,"minecraft:deaths":1,"minecraft:sneak_time":17804,"minecraft:walk_under_water_one_cm":993,"minecraft:jump":317,"minecraft:walk_on_water_one_cm":132,"minecraft:total_world_time":116377,"minecraft:interact_with_furnace":36,"minecraft:time_since_rest":22258,"minecraft:damage_taken":1659,"minecraft:damage_dealt":4737,"minecraft:fly_one_cm":10216,"minecraft:player_kills":2,"minecraft:open_chest":86,"minecraft:crouch_one_cm":31267,"minecraft:fall_one_cm":5165},"minecraft:crafted":{"minecraft:oak_planks":84,"minecraft:raw_iron":9,"minecraft:furnace":2,"minecraft:iron_axe":1,"minecraft:stone_pickaxe":3,"minecraft:oak_slab":84,"minecraft:crafting_table":1,"minecraft:spruce_planks":8,"minecraft:wooden_pickaxe":1,"minecraft:stone_axe":2,"minecraft:air":0,"minecraft:golden_apple":3,"minecraft:shield":3,"minecraft:raw_gold":18,"minecraft:stick":40,"minecraft:iron_pickaxe":2,"minecraft:iron_ingot":49,"minecraft:wooden_axe":3,"minecraft:gold_ingot":25,"minecraft:torch":8},"minecraft:used":{"minecraft:oak_fence":3,"minecraft:stone_sword":29,"minecraft:stone_shovel":87,"minecraft:chest":1,"minecraft:shield":20,"minecraft:wooden_shovel":261,"minecraft:torch":12,"minecraft:dirt":72,"minecraft:snowball":180,"minecraft:wooden_axe":164,"minecraft:iron_axe":1,"minecraft:grass_block":1,"minecraft:golden_carrot":1,"minecraft:bow":4,"minecraft:furnace":2,"minecraft:water_bucket":1,"minecraft:stone_pickaxe":390,"minecraft:wooden_pickaxe":18,"minecraft:golden_apple":1,"minecraft:oak_slab":101,"minecraft:crafting_table":2,"minecraft:apple":19,"minecraft:melon_slice":9,"minecraft:iron_pickaxe":327,"minecraft:gravel":2,"minecraft:stone_axe":111,"minecraft:wooden_sword":4,"minecraft:bucket":1},"minecraft:killed_by":{"minecraft:zombie":1},"minecraft:broken":{"minecraft:wooden_shovel":3,"minecraft:stone_pickaxe":3,"minecraft:stone_axe":1,"minecraft:iron_pickaxe":1,"minecraft:wooden_axe":3},"minecraft:dropped":{"minecraft:cobblestone":18,"minecraft:dirt":16,"minecraft:wooden_axe":1,"minecraft:wooden_sword":2,"minecraft:stone_axe":1,"minecraft:stone_sword":1,"minecraft:shield":3,"minecraft:wooden_shovel":5,"minecraft:stone_pickaxe":1},"minecraft:killed":{"minecraft:spider":1,"minecraft:fox":1,"minecraft:chicken":5,"minecraft:wolf":1,"minecraft:pig":4,"minecraft:polar_bear":2,"minecraft:sheep":4,"minecraft:goat":7,"minecraft:zombie":3,"minecraft:stray":1,"minecraft:cow":3},"minecraft:picked_up":{"minecraft:wooden_axe":2,"minecraft:crafting_table":1,"minecraft:chicken":5,"minecraft:clay_ball":128,"minecraft:yellow_wool":2,"minecraft:wooden_pickaxe":1,"minecraft:shield":2,"minecraft:amethyst_block":26,"minecraft:string":9,"minecraft:raw_copper":242,"minecraft:wooden_sword":3,"minecraft:magenta_wool":1,"minecraft:beef":5,"minecraft:calcite":36,"minecraft:azalea":5,"minecraft:wooden_shovel":9,"minecraft:iron_pickaxe":1,"minecraft:melon_slice":90,"minecraft:chest":28,"minecraft:raw_copper_block":3,"minecraft:tipped_arrow":1,"minecraft:raw_iron":44,"minecraft:raw_gold_block":8,"minecraft:copper_ingot":1,"minecraft:oak_fence":3,"minecraft:torch":11,"minecraft:porkchop":5,"minecraft:diorite":38,"minecraft:music_disc_pigstep":2,"minecraft:rabbit_foot":2,"minecraft:stone_sword":2,"minecraft:arrow":6,"minecraft:rotten_flesh":3,"minecraft:gold_ingot":2,"minecraft:white_terracotta":6,"minecraft:mutton":7,"minecraft:cod":1,"minecraft:snowball":179,"minecraft:rail":6,"minecraft:cobblestone":139,"minecraft:birch_log":43,"minecraft:feather":13,"minecraft:golden_carrot":1,"minecraft:andesite":17,"minecraft:leather":12,"minecraft:music_disc_stal":1,"minecraft:potato":1,"minecraft:flint":9,"minecraft:oak_log":84,"minecraft:map":1,"minecraft:dirt":332,"man:cassette_1safetyinstructions":1,"minecraft:bone":6,"minecraft:apple":17,"minecraft:bow":1,"minecraft:gray_terracotta":6,"minecraft:wheat_seeds":8,"minecraft:raw_gold":7,"minecraft:rabbit_hide":6,"minecraft:iron_ingot":3,"minecraft:stone_pickaxe":5,"minecraft:oak_planks":5,"minecraft:book":6,"minecraft:oak_slab":25,"minecraft:smooth_basalt":22,"minecraft:pumpkin":6,"minecraft:red_wool":1,"minecraft:budding_amethyst":1,"minecraft:dripstone_block":10,"minecraft:raw_iron_block":1,"minecraft:gravel":110,"minecraft:spruce_sapling":3,"minecraft:spruce_log":18,"minecraft:leather_helmet":2,"minecraft:pumpkin_seeds":1,"minecraft:blue_terracotta":2,"minecraft:white_concrete_powder":7,"minecraft:stone_axe":1,"minecraft:writable_book":1,"minecraft:granite":55,"minecraft:blue_ice":2,"minecraft:bone_meal":6,"minecraft:terracotta":10,"minecraft:black_wool":1,"minecraft:melon_seeds":1,"minecraft:coal":27}},"DataVersion":3120}