{"stats":{"minecraft:mined":{"minecraft:deepslate_tiles":12,"minecraft:diamond_ore":3,"minecraft:tuff":37,"minecraft:deepslate_diamond_ore":1,"minecraft:dark_oak_log":30,"minecraft:granite":70,"minecraft:budding_amethyst":23,"minecraft:grass_block":235,"minecraft:deepslate_bricks":35,"minecraft:white_concrete_powder":14,"minecraft:raw_iron_block":2,"minecraft:raw_gold_block":5,"minecraft:iron_ore":49,"minecraft:andesite":50,"minecraft:pumpkin":9,"minecraft:deepslate_lapis_ore":11,"minecraft:deepslate_iron_ore":34,"minecraft:dirt_path":1,"minecraft:packed_ice":23,"minecraft:stone":201,"minecraft:podzol":34,"minecraft:gray_terracotta":7,"minecraft:oak_slab":22,"minecraft:snow_block":66,"minecraft:powder_snow":15,"minecraft:oak_fence":3,"minecraft:clay":42,"minecraft:calcite":60,"minecraft:melon":20,"minecraft:chest":37,"minecraft:cobblestone":3,"minecraft:copper_ore":78,"minecraft:deepslate_coal_ore":19,"minecraft:deepslate_gold_ore":23,"minecraft:diorite":56,"minecraft:wall_torch":4,"minecraft:amethyst_block":78,"minecraft:deepslate_copper_ore":27,"minecraft:white_terracotta":8,"minecraft:blue_terracotta":3,"minecraft:birch_log":44,"minecraft:sweet_berry_bush":1,"minecraft:blue_ice":19,"minecraft:spruce_log":32,"minecraft:oak_log":116,"minecraft:coal_ore":22,"minecraft:dripstone_block":8,"minecraft:gravel":102,"minecraft:dirt":57,"minecraft:smooth_basalt":36,"minecraft:terracotta":14,"minecraft:raw_copper_block":4,"minecraft:gold_ore":10,"minecraft:deepslate":102},"minecraft:custom":{"minecraft:mob_kills":53,"minecraft:interact_with_crafting_table":30,"minecraft:leave_game":2,"minecraft:time_since_death":26068,"minecraft:sprint_one_cm":46407,"minecraft:walk_one_cm":275937,"minecraft:damage_blocked_by_shield":994,"minecraft:drop":38,"minecraft:play_time":164377,"minecraft:deaths":2,"minecraft:sneak_time":24686,"minecraft:walk_under_water_one_cm":993,"minecraft:jump":431,"minecraft:walk_on_water_one_cm":132,"minecraft:total_world_time":164377,"minecraft:interact_with_furnace":43,"minecraft:time_since_rest":26150,"minecraft:damage_taken":2916,"minecraft:damage_absorbed":40,"minecraft:damage_dealt":7740,"minecraft:fly_one_cm":16279,"minecraft:player_kills":2,"minecraft:open_chest":111,"minecraft:crouch_one_cm":40548,"minecraft:fall_one_cm":5643},"minecraft:crafted":{"minecraft:oak_planks":92,"minecraft:raw_iron":18,"minecraft:furnace":2,"minecraft:iron_axe":2,"minecraft:stone_pickaxe":3,"minecraft:cooked_cod":3,"minecraft:oak_slab":84,"minecraft:crafting_table":1,"minecraft:spruce_planks":8,"minecraft:wooden_pickaxe":1,"minecraft:leather_helmet":1,"minecraft:stone_axe":2,"minecraft:air":0,"minecraft:diamond_pickaxe":1,"minecraft:golden_apple":3,"minecraft:shield":3,"minecraft:raw_gold":18,"minecraft:stick":56,"minecraft:iron_pickaxe":3,"minecraft:iron_ingot":60,"minecraft:wooden_axe":3,"minecraft:gold_ingot":25,"minecraft:torch":8},"minecraft:used":{"minecraft:oak_fence":3,"minecraft:stone_sword":67,"minecraft:stone_shovel":108,"minecraft:chest":1,"minecraft:shield":25,"minecraft:wooden_shovel":261,"minecraft:rotten_flesh":7,"minecraft:torch":13,"minecraft:dirt":77,"minecraft:tuff":6,"minecraft:snowball":187,"minecraft:wooden_axe":164,"minecraft:iron_axe":102,"minecraft:grass_block":1,"minecraft:golden_carrot":6,"minecraft:bow":15,"minecraft:furnace":2,"minecraft:cooked_cod":1,"minecraft:water_bucket":1,"minecraft:stone_pickaxe":473,"minecraft:wooden_pickaxe":18,"minecraft:deepslate_bricks":2,"minecraft:golden_apple":2,"minecraft:oak_slab":116,"minecraft:crafting_table":2,"minecraft:deepslate_tiles":4,"minecraft:apple":19,"minecraft:melon_slice":9,"minecraft:iron_pickaxe":720,"minecraft:gravel":2,"minecraft:stone_axe":111,"minecraft:wooden_sword":4,"minecraft:cobblestone":3,"minecraft:bucket":1},"minecraft:killed_by":{"minecraft:zombie":1},"minecraft:broken":{"minecraft:wooden_shovel":3,"minecraft:stone_pickaxe":3,"minecraft:stone_axe":1,"minecraft:iron_pickaxe":1,"minecraft:wooden_axe":3},"minecraft:dropped":{"minecraft:oak_log":12,"minecraft:diamond":1,"minecraft:cobblestone":18,"minecraft:amethyst_block":2,"minecraft:dirt":16,"minecraft:dark_oak_log":10,"minecraft:wooden_axe":1,"minecraft:cooked_cod":2,"minecraft:wooden_sword":2,"minecraft:iron_pickaxe":1,"minecraft:birch_log":2,"minecraft:smooth_basalt":2,"minecraft:gravel":1,"minecraft:stone_axe":1,"minecraft:stone_sword":1,"minecraft:clay_ball":8,"minecraft:light_blue_dye":10,"minecraft:shield":3,"minecraft:wooden_shovel":5,"minecraft:spruce_log":5,"minecraft:stone_pickaxe":4},"minecraft:killed":{"minecraft:spider":1,"minecraft:skeleton":4,"minecraft:fox":3,"minecraft:chicken":5,"minecraft:wolf":1,"minecraft:pig":4,"minecraft:polar_bear":3,"minecraft:sheep":4,"minecraft:goat":7,"minecraft:zombie":11,"minecraft:stray":1,"minecraft:cow":3},"minecraft:picked_up":{"minecraft:wooden_axe":2,"minecraft:crafting_table":1,"minecraft:chicken":5,"minecraft:clay_ball":152,"minecraft:yellow_wool":2,"minecraft:wooden_pickaxe":1,"minecraft:shield":2,"minecraft:amethyst_block":56,"minecraft:string":12,"minecraft:raw_copper":316,"minecraft:wooden_sword":3,"minecraft:magenta_wool":1,"minecraft:deepslate_tiles":4,"minecraft:candle":14,"minecraft:cobbled_deepslate":97,"minecraft:beef":5,"minecraft:calcite":60,"minecraft:azalea":8,"minecraft:wooden_shovel":9,"minecraft:poppy":4,"minecraft:iron_pickaxe":2,"minecraft:melon_slice":90,"minecraft:chest":35,"minecraft:raw_copper_block":5,"minecraft:egg":2,"minecraft:tipped_arrow":8,"minecraft:dark_oak_sapling":5,"minecraft:raw_iron":68,"minecraft:raw_gold_block":8,"minecraft:copper_ingot":1,"minecraft:oak_fence":3,"minecraft:torch":16,"minecraft:amethyst_cluster":1,"minecraft:porkchop":5,"minecraft:diorite":42,"minecraft:music_disc_pigstep":2,"minecraft:rabbit_foot":2,"minecraft:stone_sword":2,"minecraft:arrow":10,"minecraft:rotten_flesh":12,"minecraft:deepslate_bricks":34,"minecraft:gold_ingot":2,"minecraft:white_terracotta":6,"minecraft:mutton":7,"minecraft:cod":3,"minecraft:snowball":217,"minecraft:rail":6,"minecraft:cobblestone":178,"minecraft:birch_log":46,"minecraft:feather":18,"minecraft:golden_carrot":4,"minecraft:andesite":24,"minecraft:leather":12,"minecraft:powder_snow_bucket":1,"minecraft:music_disc_stal":1,"minecraft:red_mushroom":2,"minecraft:potato":1,"minecraft:ice":1,"minecraft:flint":10,"minecraft:tuff":28,"minecraft:oak_log":120,"minecraft:gunpowder":2,"minecraft:map":1,"minecraft:lapis_lazuli":79,"minecraft:dirt":341,"man:cassette_1safetyinstructions":1,"minecraft:bone":19,"minecraft:apple":17,"minecraft:bow":1,"minecraft:gray_terracotta":6,"minecraft:wheat_seeds":8,"minecraft:raw_gold":31,"minecraft:rabbit_hide":6,"minecraft:light_blue_dye":15,"minecraft:iron_ingot":3,"minecraft:stone_pickaxe":11,"minecraft:oak_planks":5,"minecraft:book":6,"minecraft:oak_slab":38,"minecraft:smooth_basalt":28,"minecraft:pumpkin":6,"minecraft:sweet_berries":2,"minecraft:red_wool":1,"minecraft:budding_amethyst":4,"minecraft:dripstone_block":10,"minecraft:raw_iron_block":2,"minecraft:gravel":115,"minecraft:amethyst_shard":3,"minecraft:spruce_sapling":5,"minecraft:spruce_log":33,"minecraft:dark_oak_log":19,"minecraft:leather_helmet":2,"minecraft:pumpkin_seeds":1,"minecraft:blue_terracotta":2,"minecraft:white_concrete_powder":7,"minecraft:diamond":5,"minecraft:trader_llama_spawn_egg":1,"minecraft:stone_axe":1,"minecraft:writable_book":1,"minecraft:granite":61,"minecraft:blue_ice":2,"minecraft:bone_meal":12,"minecraft:terracotta":12,"minecraft:black_wool":1,"minecraft:melon_seeds":1,"minecraft:coal":48}},"DataVersion":3120}