{"stats":{"minecraft:used":{"minecraft:wooden_axe":65,"minecraft:water_bucket":1,"minecraft:wooden_shovel":74,"minecraft:torch":1,"minecraft:dirt":4,"minecraft:crafting_table":1,"minecraft:oak_slab":84,"minecraft:bucket":1},"minecraft:broken":{"minecraft:wooden_axe":1,"minecraft:wooden_shovel":1},"minecraft:picked_up":{"minecraft:birch_log":7,"minecraft:oak_slab":12,"minecraft:pumpkin":4,"minecraft:clay_ball":36,"minecraft:gravel":17,"minecraft:flint":1,"minecraft:oak_log":34,"minecraft:dirt":77,"man:cassette_1safetyinstructions":1,"minecraft:apple":3,"minecraft:wheat_seeds":5,"minecraft:azalea":1,"minecraft:wooden_shovel":5,"minecraft:melon_slice":48,"minecraft:melon_seeds":1,"minecraft:chest":7,"minecraft:wooden_axe":1},"minecraft:dropped":{"minecraft:wooden_axe":1,"minecraft:wooden_shovel":3},"minecraft:crafted":{"minecraft:oak_slab":84,"minecraft:oak_planks":60,"minecraft:crafting_table":1,"minecraft:stick":8,"minecraft:wooden_pickaxe":1,"minecraft:wooden_axe":2},"minecraft:custom":{"minecraft:time_since_rest":17802,"minecraft:walk_one_cm":5018,"minecraft:drop":4,"minecraft:damage_dealt":10,"minecraft:player_kills":1,"minecraft:interact_with_crafting_table":8,"minecraft:open_chest":7,"minecraft:crouch_one_cm":13394,"minecraft:play_time":17802,"minecraft:sneak_time":8433,"minecraft:walk_under_water_one_cm":993,"minecraft:jump":12,"minecraft:time_since_death":17802,"minecraft:walk_on_water_one_cm":132,"minecraft:total_world_time":17802},"minecraft:mined":{"minecraft:podzol":6,"minecraft:oak_slab":15,"minecraft:birch_log":7,"minecraft:pumpkin":4,"minecraft:clay":9,"minecraft:oak_log":31,"minecraft:grass_block":60,"minecraft:melon":9,"minecraft:chest":7,"minecraft:gravel":18,"minecraft:dirt":3}},"DataVersion":3120}