{"stats":{"minecraft:mined":{"minecraft:deepslate_tiles":54,"minecraft:diamond_ore":4,"minecraft:tuff":42,"minecraft:deepslate_diamond_ore":8,"minecraft:dark_oak_log":34,"minecraft:granite":71,"minecraft:budding_amethyst":28,"minecraft:grass_block":242,"minecraft:deepslate_bricks":95,"minecraft:moss_block":31,"minecraft:rooted_dirt":10,"minecraft:white_concrete_powder":14,"minecraft:raw_iron_block":2,"minecraft:raw_gold_block":5,"minecraft:iron_ore":55,"minecraft:cobbled_deepslate":1,"minecraft:green_terracotta":1,"minecraft:andesite":56,"minecraft:pumpkin":9,"minecraft:deepslate_lapis_ore":20,"minecraft:deepslate_iron_ore":38,"minecraft:dirt_path":1,"minecraft:packed_ice":25,"minecraft:stone":235,"minecraft:podzol":36,"minecraft:gray_terracotta":7,"minecraft:oak_slab":27,"minecraft:snow_block":66,"minecraft:powder_snow":15,"minecraft:oak_fence":3,"minecraft:clay":45,"minecraft:calcite":67,"minecraft:melon":20,"minecraft:chest":43,"minecraft:cobblestone":3,"minecraft:copper_ore":87,"minecraft:deepslate_coal_ore":20,"minecraft:lapis_ore":5,"minecraft:deepslate_gold_ore":28,"minecraft:diorite":58,"minecraft:wall_torch":4,"minecraft:amethyst_block":94,"minecraft:deepslate_copper_ore":33,"minecraft:white_terracotta":8,"minecraft:blue_terracotta":3,"minecraft:birch_log":49,"minecraft:sweet_berry_bush":1,"minecraft:blue_ice":19,"minecraft:spruce_log":35,"minecraft:oak_log":124,"minecraft:coal_ore":31,"minecraft:dripstone_block":26,"minecraft:gravel":105,"minecraft:dirt":57,"minecraft:smooth_basalt":42,"minecraft:terracotta":14,"minecraft:raw_copper_block":4,"minecraft:gold_ore":11,"minecraft:deepslate":148},"minecraft:custom":{"minecraft:mob_kills":64,"minecraft:interact_with_crafting_table":30,"minecraft:leave_game":2,"minecraft:time_since_death":56068,"minecraft:sprint_one_cm":88285,"minecraft:walk_one_cm":347228,"minecraft:damage_blocked_by_shield":994,"minecraft:drop":58,"minecraft:play_time":194377,"minecraft:deaths":2,"minecraft:sneak_time":28237,"minecraft:walk_under_water_one_cm":993,"minecraft:jump":501,"minecraft:walk_on_water_one_cm":1038,"minecraft:total_world_time":194377,"minecraft:interact_with_furnace":44,"minecraft:time_since_rest":56150,"minecraft:damage_taken":3417,"minecraft:damage_absorbed":40,"minecraft:damage_dealt":9927,"minecraft:fly_one_cm":19255,"minecraft:player_kills":2,"minecraft:open_chest":138,"minecraft:crouch_one_cm":51205,"minecraft:fall_one_cm":5643},"minecraft:crafted":{"minecraft:oak_planks":92,"minecraft:raw_iron":18,"minecraft:furnace":2,"minecraft:iron_axe":2,"minecraft:stone_pickaxe":3,"minecraft:cooked_cod":3,"minecraft:oak_slab":84,"minecraft:crafting_table":1,"minecraft:spruce_planks":8,"minecraft:wooden_pickaxe":1,"minecraft:leather_helmet":1,"minecraft:stone_axe":2,"minecraft:air":0,"minecraft:diamond_pickaxe":1,"minecraft:golden_apple":3,"minecraft:shield":3,"minecraft:raw_gold":18,"minecraft:stick":56,"minecraft:iron_pickaxe":3,"minecraft:iron_ingot":60,"minecraft:wooden_axe":3,"minecraft:gold_ingot":25,"minecraft:torch":8},"minecraft:used":{"minecraft:oak_fence":3,"minecraft:stone_sword":67,"minecraft:stone_shovel":108,"minecraft:chest":2,"minecraft:shield":25,"minecraft:iron_sword":8,"minecraft:wooden_shovel":261,"minecraft:rotten_flesh":13,"minecraft:torch":13,"minecraft:dirt":77,"minecraft:tuff":9,"minecraft:snowball":187,"minecraft:wooden_axe":164,"minecraft:iron_axe":157,"minecraft:grass_block":1,"minecraft:golden_carrot":6,"minecraft:bow":15,"minecraft:furnace":2,"minecraft:cooked_cod":1,"minecraft:water_bucket":4,"minecraft:stone_pickaxe":473,"minecraft:wooden_pickaxe":18,"minecraft:deepslate_bricks":3,"minecraft:golden_apple":2,"minecraft:oak_slab":122,"minecraft:crafting_table":2,"minecraft:deepslate_tiles":19,"minecraft:diamond_pickaxe":103,"minecraft:apple":19,"minecraft:melon_slice":31,"minecraft:iron_pickaxe":979,"minecraft:gravel":3,"minecraft:golden_helmet":1,"minecraft:stone_axe":111,"minecraft:wooden_sword":4,"minecraft:cobblestone":3,"minecraft:bucket":4},"minecraft:killed_by":{"minecraft:zombie":1},"minecraft:broken":{"minecraft:wooden_shovel":3,"minecraft:stone_pickaxe":3,"minecraft:stone_axe":1,"minecraft:iron_pickaxe":3,"minecraft:wooden_axe":3},"minecraft:dropped":{"minecraft:candle":3,"minecraft:oak_log":20,"minecraft:diamond":1,"minecraft:dark_oak_sapling":1,"minecraft:feather":3,"minecraft:cobblestone":18,"minecraft:amethyst_block":18,"minecraft:granite":1,"minecraft:rail":2,"minecraft:dirt":19,"minecraft:dark_oak_log":10,"minecraft:diorite":1,"minecraft:wooden_axe":1,"minecraft:cooked_cod":2,"minecraft:music_disc_ward":1,"minecraft:wooden_sword":2,"minecraft:iron_pickaxe":1,"minecraft:paper":3,"minecraft:birch_log":2,"minecraft:smooth_basalt":2,"minecraft:gravel":3,"minecraft:stone_axe":1,"minecraft:stone_sword":1,"minecraft:clay_ball":8,"minecraft:light_blue_dye":10,"minecraft:shield":3,"minecraft:andesite":3,"minecraft:oak_sapling":1,"minecraft:wooden_shovel":5,"minecraft:spruce_log":5,"minecraft:stone_pickaxe":5,"minecraft:calcite":6},"minecraft:killed":{"minecraft:spider":2,"minecraft:skeleton":5,"minecraft:fox":3,"minecraft:chicken":5,"minecraft:wolf":1,"minecraft:pig":4,"minecraft:polar_bear":3,"minecraft:sheep":4,"minecraft:goat":7,"minecraft:zombie":19,"minecraft:stray":1,"minecraft:cow":3},"minecraft:picked_up":{"minecraft:wooden_axe":2,"minecraft:crafting_table":1,"minecraft:chicken":5,"minecraft:clay_ball":164,"minecraft:yellow_wool":2,"minecraft:wooden_pickaxe":1,"minecraft:shield":2,"minecraft:amethyst_block":69,"minecraft:string":13,"minecraft:raw_copper":358,"minecraft:wooden_sword":3,"minecraft:magenta_wool":1,"minecraft:deepslate_tiles":38,"minecraft:candle":20,"minecraft:cobbled_deepslate":133,"minecraft:beef":5,"minecraft:calcite":66,"minecraft:azalea":8,"minecraft:wooden_shovel":9,"minecraft:poppy":4,"minecraft:iron_pickaxe":3,"minecraft:melon_slice":90,"minecraft:chest":41,"minecraft:raw_copper_block":5,"minecraft:egg":2,"minecraft:tipped_arrow":8,"minecraft:dark_oak_sapling":6,"minecraft:raw_iron":75,"minecraft:raw_gold_block":8,"minecraft:copper_ingot":1,"minecraft:oak_fence":3,"minecraft:torch":22,"minecraft:amethyst_cluster":6,"minecraft:porkchop":5,"minecraft:diorite":43,"minecraft:music_disc_pigstep":2,"minecraft:rabbit_foot":2,"minecraft:stone_sword":2,"minecraft:arrow":10,"minecraft:rotten_flesh":18,"minecraft:music_disc_ward":2,"minecraft:deepslate_bricks":93,"minecraft:gold_ingot":2,"minecraft:white_terracotta":6,"minecraft:mutton":7,"minecraft:cod":3,"minecraft:snowball":217,"minecraft:rail":8,"minecraft:cobblestone":205,"minecraft:birch_log":51,"minecraft:feather":21,"minecraft:golden_carrot":4,"minecraft:andesite":27,"minecraft:leather":12,"minecraft:powder_snow_bucket":1,"minecraft:music_disc_stal":1,"minecraft:red_mushroom":2,"minecraft:potato":1,"minecraft:ice":1,"minecraft:flint":10,"minecraft:tuff":35,"minecraft:oak_log":128,"minecraft:gunpowder":4,"minecraft:map":1,"minecraft:lapis_lazuli":150,"minecraft:dirt":348,"minecraft:paper":6,"man:cassette_1safetyinstructions":1,"minecraft:bone":22,"minecraft:apple":17,"minecraft:bow":1,"minecraft:gray_terracotta":6,"minecraft:wheat_seeds":8,"minecraft:raw_gold":35,"minecraft:rabbit_hide":6,"minecraft:light_blue_dye":15,"minecraft:iron_ingot":3,"minecraft:stone_pickaxe":11,"minecraft:moss_block":23,"minecraft:iron_sword":1,"minecraft:oak_planks":5,"minecraft:book":6,"minecraft:oak_slab":44,"minecraft:smooth_basalt":34,"minecraft:pumpkin":6,"minecraft:sweet_berries":2,"minecraft:red_wool":1,"minecraft:budding_amethyst":7,"minecraft:dripstone_block":15,"minecraft:raw_iron_block":2,"minecraft:gravel":118,"minecraft:amethyst_shard":5,"minecraft:spruce_sapling":7,"minecraft:spruce_log":34,"minecraft:dark_oak_log":21,"minecraft:leather_helmet":2,"minecraft:pumpkin_seeds":1,"minecraft:blue_terracotta":2,"minecraft:white_concrete_powder":7,"minecraft:diamond":18,"minecraft:trader_llama_spawn_egg":1,"minecraft:stone_axe":1,"minecraft:writable_book":2,"minecraft:granite":62,"minecraft:blue_ice":2,"minecraft:bone_meal":12,"minecraft:golden_apple":1,"minecraft:terracotta":12,"minecraft:oak_sapling":1,"minecraft:black_wool":1,"minecraft:melon_seeds":1,"minecraft:coal":59}},"DataVersion":3120}