{"stats":{"minecraft:broken":{"minecraft:wooden_pickaxe":1},"minecraft:picked_up":{"minecraft:coarse_dirt":16,"minecraft:clay_ball":68,"minecraft:crimson_stem":16,"minecraft:warped_stem":16,"minecraft:oak_log":7,"minecraft:rooted_dirt":8,"minecraft:moss_block":10,"minecraft:dirt":48},"minecraft:crafted":{"minecraft:chest":2,"minecraft:warped_planks":16,"minecraft:crimson_planks":20,"minecraft:oak_planks":16,"minecraft:stick":4,"minecraft:wooden_pickaxe":1,"minecraft:wooden_axe":1},"minecraft:used":{"minecraft:wooden_pickaxe":59,"minecraft:chest":2,"minecraft:coarse_dirt":3,"minecraft:wooden_axe":56},"minecraft:mined":{"minecraft:podzol":17,"minecraft:grass_block":8,"minecraft:oak_log":8,"minecraft:mycelium":10,"minecraft:coarse_dirt":16,"minecraft:warped_stem":16,"minecraft:dirt":17,"minecraft:moss_block":10,"minecraft:oak_leaves":14,"minecraft:rooted_dirt":8,"minecraft:clay":18,"minecraft:crimson_stem":19},"minecraft:custom":{"minecraft:open_chest":4,"minecraft:time_since_rest":19140,"minecraft:play_time":19140,"minecraft:crouch_one_cm":10835,"minecraft:walk_one_cm":29804,"minecraft:sprint_one_cm":7595,"minecraft:sneak_time":5265,"minecraft:jump":68,"minecraft:leave_game":2,"minecraft:time_since_death":19140,"minecraft:interact_with_crafting_table":9,"minecraft:total_world_time":19140,"minecraft:fly_one_cm":8635,"minecraft:fall_one_cm":627}},"DataVersion":3120}