{"stats":{"minecraft:picked_up":{"minecraft:coarse_dirt":3,"minecraft:clay_ball":20,"minecraft:crimson_stem":4,"minecraft:warped_stem":4,"minecraft:rooted_dirt":2,"minecraft:moss_block":2,"minecraft:dirt":7},"minecraft:custom":{"minecraft:time_since_rest":3997,"minecraft:crouch_one_cm":2444,"minecraft:play_time":3997,"minecraft:sprint_one_cm":2122,"minecraft:walk_one_cm":10765,"minecraft:sneak_time":965,"minecraft:jump":22,"minecraft:leave_game":1,"minecraft:time_since_death":3997,"minecraft:total_world_time":3997,"minecraft:interact_with_crafting_table":3,"minecraft:fall_one_cm":209,"minecraft:fly_one_cm":69},"minecraft:mined":{"minecraft:podzol":1,"minecraft:grass_block":1,"minecraft:mycelium":1,"minecraft:coarse_dirt":3,"minecraft:warped_stem":4,"minecraft:dirt":4,"minecraft:moss_block":2,"minecraft:rooted_dirt":2,"minecraft:oak_leaves":6,"minecraft:clay":5,"minecraft:crimson_stem":4}},"DataVersion":3120}