{"stats":{"minecraft:crafted":{"minecraft:warped_planks":16,"minecraft:oak_door":3,"minecraft:oak_planks":64,"minecraft:crimson_planks":112,"minecraft:stone_shovel":1,"minecraft:cobblestone":12,"minecraft:stick":16,"minecraft:wooden_pickaxe":1,"minecraft:stone_pickaxe":1,"minecraft:wooden_axe":2,"minecraft:chest":2,"minecraft:stone_axe":2},"minecraft:mined":{"minecraft:podzol":31,"minecraft:coarse_dirt":33,"minecraft:oak_sapling":2,"minecraft:oak_door":3,"minecraft:moss_carpet":3,"minecraft:clay":38,"minecraft:grass_block":27,"minecraft:oak_log":20,"minecraft:mycelium":29,"minecraft:warped_stem":28,"minecraft:dirt":63,"minecraft:crimson_planks":5,"minecraft:moss_block":21,"minecraft:oak_leaves":28,"minecraft:rooted_dirt":27,"minecraft:crimson_stem":39},"minecraft:used":{"minecraft:moss_carpet":1,"minecraft:wooden_axe":118,"aether:gingerbread_man":1,"minecraft:stone_pickaxe":3,"minecraft:stone_shovel":15,"minecraft:rooted_dirt":8,"minecraft:chest":2,"minecraft:wooden_pickaxe":59,"minecraft:crimson_planks":20,"minecraft:oak_door":5,"minecraft:stone_axe":128,"aether:white_apple":2,"minecraft:dirt":45,"minecraft:oak_sapling":2,"minecraft:coarse_dirt":10,"aether:candy_cane":1},"minecraft:broken":{"minecraft:wooden_axe":2,"minecraft:stone_axe":1,"minecraft:wooden_pickaxe":1},"minecraft:picked_up":{"minecraft:coarse_dirt":27,"minecraft:clay_ball":136,"minecraft:oak_door":3,"minecraft:crimson_stem":34,"minecraft:oak_log":16,"minecraft:crimson_planks":9,"minecraft:moss_carpet":4,"minecraft:dirt":123,"minecraft:stone_axe":1,"minecraft:warped_stem":25,"minecraft:rooted_dirt":27,"minecraft:oak_sapling":3,"minecraft:moss_block":20,"minecraft:oak_planks":8,"minecraft:stick":1},"minecraft:custom":{"minecraft:time_since_rest":6106,"minecraft:damage_taken":2796,"minecraft:walk_one_cm":196551,"minecraft:sprint_one_cm":126060,"minecraft:drop":3,"minecraft:damage_dealt":1826,"minecraft:interact_with_crafting_table":17,"minecraft:fly_one_cm":227475,"minecraft:player_kills":13,"minecraft:open_chest":11,"minecraft:crouch_one_cm":32013,"minecraft:play_time":82287,"minecraft:deaths":8,"minecraft:sneak_time":13787,"minecraft:jump":1009,"minecraft:leave_game":6,"minecraft:time_since_death":6077,"minecraft:total_world_time":82287,"minecraft:fall_one_cm":4953},"minecraft:dropped":{"minecraft:stone_axe":1,"minecraft:coarse_dirt":4,"minecraft:rooted_dirt":10},"minecraft:killed_by":{"midnightlurker:void_hands":2,"minecraft:player":4}},"DataVersion":3120}