{"stats":{"minecraft:crafted":{"minecraft:warped_planks":16,"minecraft:oak_door":3,"minecraft:oak_planks":44,"minecraft:crimson_planks":112,"minecraft:stone_shovel":1,"minecraft:cobblestone":8,"minecraft:stick":12,"minecraft:wooden_pickaxe":1,"minecraft:stone_pickaxe":1,"minecraft:wooden_axe":2,"minecraft:chest":2,"minecraft:stone_axe":1},"minecraft:mined":{"minecraft:podzol":31,"minecraft:coarse_dirt":30,"minecraft:oak_sapling":2,"minecraft:oak_door":3,"minecraft:clay":33,"minecraft:grass_block":23,"minecraft:oak_log":19,"minecraft:mycelium":25,"minecraft:warped_stem":25,"minecraft:dirt":58,"minecraft:crimson_planks":3,"minecraft:moss_block":19,"minecraft:oak_leaves":25,"minecraft:rooted_dirt":24,"minecraft:crimson_stem":37},"minecraft:used":{"minecraft:wooden_axe":118,"minecraft:stone_shovel":15,"minecraft:rooted_dirt":8,"minecraft:stone_pickaxe":3,"minecraft:chest":2,"minecraft:wooden_pickaxe":59,"minecraft:crimson_planks":18,"minecraft:oak_door":5,"minecraft:stone_axe":84,"minecraft:dirt":25,"minecraft:oak_sapling":1,"minecraft:coarse_dirt":10},"minecraft:broken":{"minecraft:wooden_axe":2,"minecraft:wooden_pickaxe":1},"minecraft:picked_up":{"minecraft:oak_door":3,"minecraft:coarse_dirt":25,"minecraft:clay_ball":120,"minecraft:crimson_stem":33,"minecraft:oak_log":15,"minecraft:crimson_planks":7,"minecraft:dirt":111,"minecraft:warped_stem":23,"minecraft:rooted_dirt":24,"minecraft:oak_sapling":2,"minecraft:moss_block":18,"minecraft:oak_planks":8},"minecraft:custom":{"minecraft:time_since_rest":539,"minecraft:sprint_one_cm":98266,"minecraft:damage_taken":2032,"minecraft:walk_one_cm":169737,"minecraft:drop":2,"minecraft:damage_dealt":1483,"minecraft:interact_with_crafting_table":16,"minecraft:fly_one_cm":181093,"minecraft:player_kills":9,"minecraft:open_chest":11,"minecraft:crouch_one_cm":29519,"minecraft:play_time":70088,"minecraft:deaths":5,"minecraft:sneak_time":13087,"minecraft:jump":820,"minecraft:leave_game":4,"minecraft:time_since_death":207,"minecraft:total_world_time":70088,"minecraft:fall_one_cm":4953},"minecraft:killed_by":{"minecraft:player":3},"minecraft:dropped":{"minecraft:coarse_dirt":4,"minecraft:rooted_dirt":10}},"DataVersion":3120}