{"stats":{"minecraft:broken":{"minecraft:wooden_axe":2,"minecraft:wooden_pickaxe":1},"minecraft:picked_up":{"minecraft:coarse_dirt":20,"minecraft:clay_ball":92,"minecraft:crimson_stem":24,"minecraft:oak_log":10,"minecraft:crimson_planks":4,"minecraft:dirt":65,"minecraft:warped_stem":21,"minecraft:rooted_dirt":18,"minecraft:oak_sapling":1,"minecraft:moss_block":17,"minecraft:oak_planks":8},"minecraft:crafted":{"minecraft:warped_planks":16,"minecraft:oak_planks":28,"minecraft:crimson_planks":20,"minecraft:cobblestone":4,"minecraft:stick":8,"minecraft:wooden_pickaxe":1,"minecraft:stone_pickaxe":1,"minecraft:wooden_axe":2,"minecraft:chest":2},"minecraft:used":{"minecraft:wooden_axe":118,"minecraft:rooted_dirt":5,"minecraft:chest":2,"minecraft:wooden_pickaxe":59,"minecraft:dirt":4,"minecraft:oak_sapling":1,"minecraft:coarse_dirt":9},"minecraft:custom":{"minecraft:time_since_rest":31140,"minecraft:sprint_one_cm":22898,"minecraft:damage_taken":16,"minecraft:walk_one_cm":59298,"minecraft:damage_dealt":80,"minecraft:interact_with_crafting_table":12,"minecraft:fly_one_cm":31243,"minecraft:open_chest":5,"minecraft:crouch_one_cm":17189,"minecraft:play_time":31140,"minecraft:sneak_time":8029,"minecraft:jump":162,"minecraft:leave_game":2,"minecraft:time_since_death":31140,"minecraft:total_world_time":31140,"minecraft:fall_one_cm":1639},"minecraft:mined":{"minecraft:podzol":29,"minecraft:oak_sapling":1,"minecraft:coarse_dirt":22,"minecraft:clay":25,"minecraft:grass_block":14,"minecraft:oak_log":12,"minecraft:mycelium":13,"minecraft:warped_stem":22,"minecraft:dirt":22,"minecraft:moss_block":18,"minecraft:oak_leaves":20,"minecraft:rooted_dirt":18,"minecraft:crimson_stem":26}},"DataVersion":3120}