{"stats":{"minecraft:crafted":{"minecraft:warped_planks":16,"minecraft:oak_planks":44,"minecraft:crimson_planks":20,"minecraft:cobblestone":6,"minecraft:stick":12,"minecraft:wooden_pickaxe":1,"minecraft:stone_pickaxe":1,"minecraft:wooden_axe":2,"minecraft:chest":2,"minecraft:stone_axe":1},"minecraft:mined":{"minecraft:podzol":29,"minecraft:coarse_dirt":29,"minecraft:oak_sapling":1,"minecraft:clay":28,"minecraft:grass_block":17,"minecraft:oak_log":15,"minecraft:mycelium":19,"minecraft:warped_stem":24,"minecraft:dirt":50,"minecraft:crimson_planks":3,"minecraft:moss_block":18,"minecraft:oak_leaves":25,"minecraft:rooted_dirt":20,"minecraft:crimson_stem":30},"minecraft:used":{"minecraft:wooden_axe":118,"minecraft:rooted_dirt":5,"minecraft:stone_pickaxe":2,"minecraft:chest":2,"minecraft:wooden_pickaxe":59,"minecraft:crimson_planks":3,"minecraft:stone_axe":53,"minecraft:dirt":21,"minecraft:oak_sapling":1,"minecraft:coarse_dirt":9},"minecraft:broken":{"minecraft:wooden_axe":2,"minecraft:wooden_pickaxe":1},"minecraft:picked_up":{"minecraft:coarse_dirt":23,"minecraft:clay_ball":96,"minecraft:crimson_stem":26,"minecraft:oak_log":11,"minecraft:crimson_planks":7,"minecraft:dirt":92,"minecraft:warped_stem":22,"minecraft:rooted_dirt":20,"minecraft:oak_sapling":1,"minecraft:moss_block":17,"minecraft:oak_planks":8},"minecraft:custom":{"minecraft:time_since_rest":2777,"minecraft:sprint_one_cm":61709,"minecraft:damage_taken":684,"minecraft:walk_one_cm":107320,"minecraft:damage_dealt":803,"minecraft:interact_with_crafting_table":14,"minecraft:fly_one_cm":111484,"minecraft:player_kills":4,"minecraft:open_chest":8,"minecraft:crouch_one_cm":24851,"minecraft:play_time":52088,"minecraft:deaths":2,"minecraft:sneak_time":11382,"minecraft:jump":545,"minecraft:leave_game":4,"minecraft:time_since_death":2734,"minecraft:total_world_time":52088,"minecraft:fall_one_cm":3450},"minecraft:killed_by":{"minecraft:player":2}},"DataVersion":3120}