{"stats":{"minecraft:mined":{"minecraft:grass_block":1},"minecraft:used":{"minecraft:dirt":1},"minecraft:picked_up":{"minecraft:coarse_dirt":1,"minecraft:clay_ball":4,"minecraft:dirt":2},"minecraft:custom":{"minecraft:jump":22,"minecraft:time_since_rest":1856,"minecraft:damage_dealt":170,"minecraft:damage_taken":255,"minecraft:crouch_one_cm":1076,"minecraft:leave_game":3,"minecraft:play_time":8150,"minecraft:sprint_one_cm":3026,"minecraft:time_since_death":1685,"minecraft:walk_one_cm":10206,"minecraft:deaths":1,"minecraft:sneak_time":483,"minecraft:total_world_time":8150,"minecraft:fly_one_cm":5876},"minecraft:killed_by":{"man:managgresive":1}},"DataVersion":3120}