{"stats":{"minecraft:mined":{"minecraft:podzol":1,"minecraft:deepslate_tiles":9,"minecraft:diamond_ore":2,"minecraft:tuff":5,"minecraft:deepslate_diamond_ore":2,"minecraft:dark_oak_log":1,"minecraft:light_gray_terracotta":4,"minecraft:calcite":12,"minecraft:grass_block":2,"minecraft:chest":1,"minecraft:copper_ore":4,"minecraft:deepslate_bricks":12,"minecraft:deepslate_coal_ore":2,"minecraft:lapis_ore":3,"minecraft:moss_block":20,"minecraft:rooted_dirt":11,"minecraft:amethyst_block":2,"minecraft:deepslate_copper_ore":3,"minecraft:carrots":2,"minecraft:cobbled_deepslate":1,"minecraft:spruce_log":1,"minecraft:green_terracotta":5,"minecraft:andesite":5,"minecraft:deepslate_lapis_ore":2,"minecraft:cave_vines":1,"minecraft:coal_ore":3,"minecraft:oak_log":2,"minecraft:deepslate_iron_ore":4,"minecraft:gravel":3,"minecraft:dripstone_block":20,"minecraft:dirt":2,"minecraft:smooth_basalt":1,"minecraft:stone":3,"minecraft:oak_leaves":1,"minecraft:deepslate":12},"minecraft:custom":{"minecraft:interact_with_furnace":21,"minecraft:mob_kills":12,"minecraft:animals_bred":3,"minecraft:interact_with_crafting_table":4,"minecraft:time_since_death":23732,"minecraft:time_since_rest":23760,"minecraft:sprint_one_cm":227427,"minecraft:damage_taken":4190,"minecraft:walk_one_cm":306058,"minecraft:damage_blocked_by_shield":1071,"minecraft:drop":25,"minecraft:damage_dealt":3296,"minecraft:player_kills":1,"minecraft:fly_one_cm":74692,"minecraft:open_chest":61,"minecraft:crouch_one_cm":18187,"minecraft:play_time":101323,"minecraft:deaths":6,"minecraft:sneak_time":3510,"minecraft:walk_under_water_one_cm":131,"minecraft:jump":741,"minecraft:walk_on_water_one_cm":32173,"minecraft:total_world_time":101323,"minecraft:fall_one_cm":12410},"minecraft:crafted":{"minecraft:cooked_beef":1,"minecraft:cooked_porkchop":9,"minecraft:cooked_chicken":8,"minecraft:iron_sword":1,"minecraft:cooked_salmon":2,"minecraft:cooked_mutton":2,"minecraft:shield":1,"minecraft:stick":12,"minecraft:iron_ingot":33,"minecraft:iron_pickaxe":1,"minecraft:dark_oak_planks":16},"minecraft:used":{"minecraft:cooked_mutton":2,"minecraft:writable_book":3,"minecraft:amethyst_block":9,"minecraft:stone_pickaxe":124,"minecraft:chest":1,"minecraft:shield":51,"minecraft:iron_sword":41,"minecraft:cooked_salmon":2,"minecraft:cooked_chicken":8,"minecraft:rotten_flesh":6,"minecraft:glow_berries":41,"minecraft:dirt":2,"minecraft:oak_slab":9,"minecraft:carrot":2,"minecraft:spider_eye":5,"minecraft:deepslate_tiles":4,"minecraft:rooted_dirt":2,"minecraft:iron_pickaxe":33,"minecraft:gravel":14,"minecraft:golden_sword":9,"minecraft:golden_helmet":1,"minecraft:wooden_sword":53,"minecraft:chainmail_boots":1,"minecraft:cooked_porkchop":9,"minecraft:andesite":7,"minecraft:cooked_beef":1,"minecraft:cobbled_deepslate":11},"minecraft:broken":{"minecraft:golden_helmet":1},"minecraft:killed_by":{"man:managgresive":1,"minecraft:player":1,"cartoon_dweller:cartoon_dweller":1},"minecraft:dropped":{"minecraft:stone_hoe":1,"minecraft:moss_block":10,"minecraft:green_terracotta":4,"minecraft:light_gray_terracotta":4,"minecraft:tuff":11,"minecraft:dripstone_block":12,"minecraft:feather":5,"minecraft:cobblestone":4,"minecraft:rotten_flesh":7,"minecraft:amethyst_block":23,"minecraft:rail":1,"minecraft:deepslate_tiles":11,"minecraft:gunpowder":1,"minecraft:diorite":4,"minecraft:chest":1,"minecraft:flowering_azalea":1,"minecraft:calcite":2,"minecraft:string":8,"minecraft:smooth_basalt":8},"minecraft:killed":{"minecraft:spider":4,"minecraft:creeper":1,"minecraft:skeleton":3,"minecraft:zombie":4},"minecraft:picked_up":{"minecraft:feather":10,"minecraft:chainmail_boots":1,"minecraft:andesite":7,"minecraft:flint":1,"minecraft:tuff":24,"minecraft:oak_log":25,"minecraft:golden_sword":1,"minecraft:gunpowder":1,"minecraft:amethyst_block":48,"minecraft:lapis_lazuli":17,"minecraft:dirt":4,"minecraft:string":16,"minecraft:raw_copper":61,"minecraft:bone":4,"minecraft:deepslate_tiles":15,"minecraft:candle":4,"minecraft:cobbled_deepslate":11,"minecraft:music_disc_otherside":1,"minecraft:spruce_planks":1,"minecraft:iron_ingot":1,"minecraft:stone_pickaxe":3,"minecraft:calcite":2,"minecraft:moss_block":10,"minecraft:chest":3,"minecraft:flowering_azalea":1,"minecraft:stone_hoe":1,"minecraft:golden_helmet":1,"minecraft:oak_slab":9,"minecraft:raw_iron":11,"minecraft:smooth_basalt":8,"minecraft:torch":6,"minecraft:dripstone_block":26,"minecraft:gravel":15,"minecraft:ink_sac":2,"minecraft:redstone":1,"minecraft:diorite":4,"minecraft:carrot":2,"minecraft:spruce_log":3,"minecraft:green_terracotta":4,"minecraft:dark_oak_log":5,"minecraft:spider_eye":5,"minecraft:light_gray_terracotta":4,"minecraft:stone_sword":1,"minecraft:arrow":6,"minecraft:rotten_flesh":13,"minecraft:diamond":1,"minecraft:writable_book":1,"minecraft:deepslate_bricks":10,"minecraft:granite":1,"minecraft:rooted_dirt":2,"minecraft:oak_sapling":1,"minecraft:glow_berries":12,"minecraft:coal":1,"minecraft:rail":2,"minecraft:cobblestone":4}},"DataVersion":3120}