{"stats":{"minecraft:mined":{"minecraft:oak_log":2,"minecraft:dirt":2,"minecraft:deepslate_tiles":1},"minecraft:custom":{"minecraft:time_since_rest":4656,"minecraft:open_chest":4,"minecraft:walk_one_cm":30539,"minecraft:crouch_one_cm":2157,"minecraft:play_time":11323,"minecraft:sprint_one_cm":41264,"minecraft:damage_taken":735,"minecraft:deaths":2,"minecraft:sneak_time":632,"minecraft:mob_kills":7,"minecraft:jump":81,"minecraft:damage_dealt":1413,"minecraft:time_since_death":4614,"minecraft:total_world_time":11323,"minecraft:fall_one_cm":332,"minecraft:fly_one_cm":13916},"minecraft:used":{"minecraft:rotten_flesh":2,"minecraft:wooden_sword":47,"minecraft:dirt":2,"minecraft:stone_pickaxe":1,"minecraft:deepslate_tiles":4},"minecraft:killed_by":{"man:managgresive":1},"minecraft:killed":{"minecraft:skeleton":2,"minecraft:spider":2,"minecraft:zombie":2,"minecraft:creeper":1},"minecraft:picked_up":{"minecraft:raw_iron":5,"minecraft:rotten_flesh":2,"minecraft:arrow":1,"minecraft:torch":1,"minecraft:deepslate_tiles":4,"minecraft:candle":2,"minecraft:spruce_planks":1,"minecraft:stone_pickaxe":1,"minecraft:oak_log":8,"minecraft:spruce_log":1,"minecraft:gunpowder":1,"minecraft:amethyst_block":3,"minecraft:dark_oak_log":3,"minecraft:dirt":2,"minecraft:spider_eye":2,"minecraft:string":3}},"DataVersion":3120}