{"stats":{"minecraft:mined":{"minecraft:deepslate_tiles":2,"minecraft:dark_oak_log":1,"minecraft:oak_log":2,"minecraft:dirt":2,"minecraft:deepslate_bricks":6,"minecraft:deepslate":11,"minecraft:deepslate_copper_ore":3},"minecraft:custom":{"minecraft:time_since_rest":16656,"minecraft:interact_with_furnace":9,"minecraft:sprint_one_cm":79546,"minecraft:damage_taken":1016,"minecraft:walk_one_cm":67122,"minecraft:mob_kills":7,"minecraft:damage_dealt":1744,"minecraft:interact_with_crafting_table":2,"minecraft:fly_one_cm":23564,"minecraft:open_chest":11,"minecraft:crouch_one_cm":6818,"minecraft:play_time":23323,"minecraft:deaths":2,"minecraft:sneak_time":1549,"minecraft:jump":147,"minecraft:time_since_death":16614,"minecraft:total_world_time":23323,"minecraft:fall_one_cm":1471},"minecraft:crafted":{"minecraft:stick":12,"minecraft:iron_pickaxe":1,"minecraft:cooked_chicken":8,"minecraft:iron_ingot":33,"minecraft:iron_sword":1,"minecraft:dark_oak_planks":16},"minecraft:used":{"minecraft:deepslate_tiles":4,"minecraft:stone_pickaxe":21,"minecraft:iron_pickaxe":3,"minecraft:iron_sword":5,"minecraft:cooked_chicken":6,"minecraft:rotten_flesh":2,"minecraft:golden_helmet":1,"minecraft:wooden_sword":52,"minecraft:dirt":2,"minecraft:oak_slab":9,"minecraft:cobbled_deepslate":3},"minecraft:killed_by":{"man:managgresive":1},"minecraft:killed":{"minecraft:skeleton":2,"minecraft:zombie":3,"minecraft:spider":2,"minecraft:creeper":1},"minecraft:picked_up":{"minecraft:golden_helmet":1,"minecraft:oak_slab":9,"minecraft:raw_iron":5,"minecraft:smooth_basalt":1,"minecraft:torch":4,"minecraft:oak_log":9,"minecraft:spruce_log":3,"minecraft:gunpowder":1,"minecraft:amethyst_block":3,"minecraft:dark_oak_log":5,"minecraft:string":3,"minecraft:spider_eye":2,"minecraft:dirt":3,"minecraft:raw_copper":17,"minecraft:arrow":1,"minecraft:rotten_flesh":4,"minecraft:deepslate_tiles":10,"minecraft:candle":2,"minecraft:cobbled_deepslate":11,"minecraft:deepslate_bricks":8,"minecraft:spruce_planks":1,"minecraft:stone_pickaxe":2,"minecraft:cobblestone":1}},"DataVersion":3120}