{"stats":{"minecraft:mined":{"minecraft:deepslate_tiles":6,"minecraft:diamond_ore":1,"minecraft:tuff":2,"minecraft:deepslate_diamond_ore":2,"minecraft:dark_oak_log":1,"minecraft:calcite":7,"minecraft:grass_block":1,"minecraft:deepslate_bricks":11,"minecraft:lapis_ore":1,"minecraft:moss_block":10,"minecraft:rooted_dirt":5,"minecraft:amethyst_block":1,"minecraft:deepslate_copper_ore":3,"minecraft:cobbled_deepslate":1,"minecraft:andesite":1,"minecraft:coal_ore":2,"minecraft:oak_log":2,"minecraft:deepslate_iron_ore":1,"minecraft:gravel":3,"minecraft:dripstone_block":11,"minecraft:dirt":2,"minecraft:smooth_basalt":1,"minecraft:deepslate":11},"minecraft:custom":{"minecraft:interact_with_furnace":16,"minecraft:mob_kills":8,"minecraft:interact_with_crafting_table":4,"minecraft:time_since_death":9052,"minecraft:time_since_rest":9090,"minecraft:sprint_one_cm":119869,"minecraft:damage_taken":2183,"minecraft:walk_one_cm":131663,"minecraft:damage_blocked_by_shield":26,"minecraft:drop":1,"minecraft:damage_dealt":1968,"minecraft:fly_one_cm":31834,"minecraft:open_chest":17,"minecraft:crouch_one_cm":11577,"minecraft:play_time":41323,"minecraft:deaths":3,"minecraft:sneak_time":2215,"minecraft:walk_under_water_one_cm":131,"minecraft:jump":230,"minecraft:walk_on_water_one_cm":387,"minecraft:total_world_time":41323,"minecraft:fall_one_cm":1806},"minecraft:crafted":{"minecraft:cooked_porkchop":9,"minecraft:cooked_chicken":8,"minecraft:iron_sword":1,"minecraft:cooked_salmon":2,"minecraft:shield":1,"minecraft:stick":12,"minecraft:iron_ingot":33,"minecraft:iron_pickaxe":1,"minecraft:dark_oak_planks":16},"minecraft:used":{"minecraft:stone_pickaxe":72,"minecraft:shield":1,"minecraft:iron_sword":10,"minecraft:cooked_salmon":2,"minecraft:cooked_chicken":8,"minecraft:rotten_flesh":2,"minecraft:dirt":2,"minecraft:oak_slab":9,"minecraft:carrot":1,"minecraft:deepslate_tiles":4,"minecraft:iron_pickaxe":17,"minecraft:gravel":14,"minecraft:golden_helmet":1,"minecraft:wooden_sword":52,"minecraft:cooked_porkchop":7,"minecraft:cobbled_deepslate":11},"minecraft:dropped":{"minecraft:gunpowder":1},"minecraft:broken":{"minecraft:golden_helmet":1},"minecraft:killed_by":{"man:managgresive":1},"minecraft:killed":{"minecraft:spider":2,"minecraft:creeper":1,"minecraft:skeleton":2,"minecraft:zombie":3},"minecraft:picked_up":{"minecraft:feather":3,"minecraft:andesite":1,"minecraft:flint":1,"minecraft:tuff":1,"minecraft:oak_log":11,"minecraft:gunpowder":1,"minecraft:amethyst_block":21,"minecraft:dirt":4,"minecraft:string":3,"minecraft:raw_copper":17,"minecraft:bone":3,"minecraft:deepslate_tiles":12,"minecraft:candle":4,"minecraft:cobbled_deepslate":11,"minecraft:spruce_planks":1,"minecraft:iron_ingot":1,"minecraft:stone_pickaxe":3,"minecraft:moss_block":2,"minecraft:golden_helmet":1,"minecraft:oak_slab":9,"minecraft:raw_iron":9,"minecraft:smooth_basalt":1,"minecraft:torch":6,"minecraft:gravel":14,"minecraft:diorite":1,"minecraft:carrot":1,"minecraft:spruce_log":3,"minecraft:dark_oak_log":5,"minecraft:spider_eye":2,"minecraft:arrow":4,"minecraft:rotten_flesh":9,"minecraft:deepslate_bricks":9,"minecraft:granite":1,"minecraft:oak_sapling":1,"minecraft:coal":1,"minecraft:rail":1,"minecraft:cobblestone":1}},"DataVersion":3120}