{"stats":{"minecraft:mined":{"minecraft:podzol":1,"minecraft:deepslate_tiles":9,"minecraft:diamond_ore":1,"minecraft:tuff":2,"minecraft:deepslate_diamond_ore":2,"minecraft:dark_oak_log":1,"minecraft:calcite":10,"minecraft:grass_block":2,"minecraft:copper_ore":4,"minecraft:deepslate_bricks":11,"minecraft:deepslate_coal_ore":2,"minecraft:lapis_ore":2,"minecraft:moss_block":13,"minecraft:rooted_dirt":6,"minecraft:amethyst_block":2,"minecraft:deepslate_copper_ore":3,"minecraft:carrots":1,"minecraft:cobbled_deepslate":1,"minecraft:spruce_log":1,"minecraft:green_terracotta":1,"minecraft:andesite":1,"minecraft:coal_ore":3,"minecraft:oak_log":2,"minecraft:deepslate_iron_ore":2,"minecraft:gravel":3,"minecraft:dripstone_block":13,"minecraft:dirt":2,"minecraft:smooth_basalt":1,"minecraft:deepslate":12},"minecraft:custom":{"minecraft:interact_with_furnace":20,"minecraft:mob_kills":8,"minecraft:interact_with_crafting_table":4,"minecraft:time_since_death":3301,"minecraft:time_since_rest":3337,"minecraft:sprint_one_cm":159277,"minecraft:damage_taken":2838,"minecraft:walk_one_cm":168633,"minecraft:damage_blocked_by_shield":26,"minecraft:drop":9,"minecraft:damage_dealt":2107,"minecraft:fly_one_cm":43398,"minecraft:open_chest":25,"minecraft:crouch_one_cm":14565,"minecraft:play_time":53323,"minecraft:deaths":4,"minecraft:sneak_time":2527,"minecraft:walk_under_water_one_cm":131,"minecraft:jump":303,"minecraft:walk_on_water_one_cm":387,"minecraft:total_world_time":53323,"minecraft:fall_one_cm":3288},"minecraft:crafted":{"minecraft:cooked_beef":1,"minecraft:cooked_porkchop":9,"minecraft:cooked_chicken":8,"minecraft:iron_sword":1,"minecraft:cooked_salmon":2,"minecraft:cooked_mutton":2,"minecraft:shield":1,"minecraft:stick":12,"minecraft:iron_ingot":33,"minecraft:iron_pickaxe":1,"minecraft:dark_oak_planks":16},"minecraft:used":{"minecraft:cooked_mutton":1,"minecraft:stone_pickaxe":99,"minecraft:shield":1,"minecraft:iron_sword":12,"minecraft:cooked_salmon":2,"minecraft:cooked_chicken":8,"minecraft:rotten_flesh":2,"minecraft:dirt":2,"minecraft:oak_slab":9,"minecraft:carrot":1,"minecraft:deepslate_tiles":4,"minecraft:rooted_dirt":2,"minecraft:iron_pickaxe":17,"minecraft:gravel":14,"minecraft:golden_helmet":1,"minecraft:wooden_sword":53,"minecraft:cooked_porkchop":9,"minecraft:cooked_beef":1,"minecraft:cobbled_deepslate":11},"minecraft:broken":{"minecraft:golden_helmet":1},"minecraft:killed_by":{"man:managgresive":1,"minecraft:player":1},"minecraft:dropped":{"minecraft:stone_hoe":1,"minecraft:rotten_flesh":7,"minecraft:gunpowder":1},"minecraft:killed":{"minecraft:spider":2,"minecraft:creeper":1,"minecraft:skeleton":2,"minecraft:zombie":3},"minecraft:picked_up":{"minecraft:feather":3,"minecraft:andesite":4,"minecraft:flint":1,"minecraft:tuff":1,"minecraft:oak_log":16,"minecraft:gunpowder":1,"minecraft:amethyst_block":22,"minecraft:lapis_lazuli":17,"minecraft:dirt":4,"minecraft:string":3,"minecraft:raw_copper":37,"minecraft:bone":3,"minecraft:deepslate_tiles":15,"minecraft:candle":4,"minecraft:cobbled_deepslate":11,"minecraft:spruce_planks":1,"minecraft:iron_ingot":1,"minecraft:stone_pickaxe":3,"minecraft:moss_block":7,"minecraft:stone_hoe":1,"minecraft:golden_helmet":1,"minecraft:oak_slab":9,"minecraft:raw_iron":11,"minecraft:smooth_basalt":8,"minecraft:torch":6,"minecraft:gravel":15,"minecraft:diorite":1,"minecraft:carrot":1,"minecraft:spruce_log":3,"minecraft:dark_oak_log":5,"minecraft:spider_eye":2,"minecraft:stone_sword":1,"minecraft:arrow":4,"minecraft:rotten_flesh":9,"minecraft:deepslate_bricks":9,"minecraft:granite":1,"minecraft:rooted_dirt":2,"minecraft:oak_sapling":1,"minecraft:glow_berries":8,"minecraft:coal":1,"minecraft:rail":1,"minecraft:cobblestone":1}},"DataVersion":3120}