{"stats":{"minecraft:used":{"minecraft:poppy":2,"minecraft:dirt":12},"minecraft:custom":{"minecraft:jump":57,"minecraft:time_since_rest":5399,"minecraft:damage_taken":60,"minecraft:leave_game":5,"minecraft:play_time":5399,"minecraft:sprint_one_cm":3588,"minecraft:time_since_death":5399,"minecraft:walk_one_cm":4295,"minecraft:total_world_time":5399,"minecraft:drop":1,"minecraft:fall_one_cm":2192,"minecraft:fly_one_cm":9601},"minecraft:picked_up":{"minecraft:poppy":2,"minecraft:wheat_seeds":1,"minecraft:dirt":12},"minecraft:dropped":{"minecraft:wheat_seeds":1},"minecraft:mined":{"minecraft:tall_grass":5,"minecraft:poppy":1,"minecraft:dirt":1}},"DataVersion":3465}