{"stats":{"minecraft:mined":{"minecraft:podzol":1,"minecraft:grass_block":4,"minecraft:mycelium":4,"minecraft:coarse_dirt":1,"minecraft:warped_stem":1,"minecraft:dirt":3,"minecraft:moss_block":1,"minecraft:rooted_dirt":2,"minecraft:clay":1,"minecraft:crimson_stem":3},"minecraft:used":{"minecraft:moss_block":1,"minecraft:dirt":9,"minecraft:rooted_dirt":2,"minecraft:crimson_planks":4},"minecraft:custom":{"minecraft:time_since_rest":13805,"minecraft:crouch_one_cm":3970,"minecraft:play_time":13805,"minecraft:walk_one_cm":874,"minecraft:damage_taken":20,"minecraft:sneak_time":1445,"minecraft:jump":6,"minecraft:leave_game":2,"minecraft:time_since_death":13805,"minecraft:total_world_time":13805,"minecraft:fall_one_cm":211},"minecraft:picked_up":{"minecraft:coarse_dirt":1,"minecraft:crimson_stem":3,"minecraft:warped_stem":1,"minecraft:rooted_dirt":2,"minecraft:moss_block":1,"minecraft:dirt":12},"minecraft:crafted":{"minecraft:warped_planks":4,"minecraft:crimson_planks":12}},"DataVersion":3120}