{"stats":{"minecraft:picked_up":{"minecraft:poppy":2,"minecraft:wheat_seeds":1,"minecraft:dirt":12},"minecraft:custom":{"minecraft:jump":151,"minecraft:time_since_rest":17492,"minecraft:damage_taken":60,"minecraft:leave_game":9,"minecraft:play_time":17492,"minecraft:time_since_death":17492,"minecraft:sprint_one_cm":8734,"minecraft:walk_on_water_one_cm":8,"minecraft:walk_one_cm":7023,"minecraft:sneak_time":650,"minecraft:total_world_time":17492,"minecraft:fall_one_cm":3980,"minecraft:drop":1,"minecraft:fly_one_cm":284589},"minecraft:used":{"minecraft:poppy":2,"minecraft:dirt":12},"minecraft:mined":{"minecraft:tall_grass":5,"minecraft:poppy":1,"minecraft:dirt":1},"minecraft:dropped":{"minecraft:wheat_seeds":1}},"DataVersion":3465}