{"stats":{"minecraft:mined":{"minecraft:dark_oak_planks":3,"minecraft:deepslate_tiles":28,"minecraft:tuff":10,"minecraft:spruce_planks":7,"minecraft:oak_sapling":3,"minecraft:farmland":2,"minecraft:candle":2,"minecraft:granite":1,"minecraft:grass_block":88,"minecraft:deepslate_bricks":3,"minecraft:rooted_dirt":7,"minecraft:oak_trapdoor":2,"minecraft:carrots":52,"minecraft:iron_ore":1,"minecraft:cobbled_deepslate":2,"minecraft:andesite":1,"minecraft:pumpkin":1,"treechop:chopped_log":4,"minecraft:stone":10,"minecraft:podzol":2,"minecraft:oak_slab":64,"minecraft:powder_snow":1,"minecraft:oak_fence":1,"minecraft:torch":11,"minecraft:calcite":7,"minecraft:chest":3,"minecraft:copper_ore":7,"minecraft:oak_planks":27,"minecraft:diorite":12,"minecraft:wall_torch":7,"minecraft:amethyst_block":9,"minecraft:white_terracotta":5,"minecraft:birch_planks":8,"minecraft:birch_log":7,"minecraft:oak_log":6,"minecraft:coal_ore":1,"minecraft:dripstone_block":2,"minecraft:gravel":7,"minecraft:dirt":130,"minecraft:smooth_basalt":3,"minecraft:terracotta":4,"minecraft:raw_copper_block":1,"minecraft:deepslate":1},"minecraft:custom":{"minecraft:mob_kills":48,"minecraft:interact_with_crafting_table":27,"minecraft:damage_dealt_resisted":157,"minecraft:time_since_death":64955,"minecraft:damage_resisted":10,"minecraft:sprint_one_cm":163171,"minecraft:walk_one_cm":633086,"minecraft:damage_blocked_by_shield":170,"minecraft:drop":26,"minecraft:play_time":209347,"minecraft:deaths":6,"minecraft:sneak_time":36855,"minecraft:walk_under_water_one_cm":11,"minecraft:jump":828,"minecraft:walk_on_water_one_cm":2557,"minecraft:total_world_time":209347,"minecraft:interact_with_furnace":9,"minecraft:time_since_rest":64979,"minecraft:damage_taken":4354,"minecraft:damage_dealt":12137,"minecraft:fly_one_cm":135564,"minecraft:open_chest":267,"minecraft:crouch_one_cm":134136,"minecraft:fall_one_cm":2856},"minecraft:crafted":{"minecraft:oak_planks":632,"minecraft:bone_meal":66,"minecraft:oak_trapdoor":6,"minecraft:bow":1,"minecraft:iron_axe":2,"minecraft:oak_slab":468,"minecraft:arrow":20,"minecraft:spruce_planks":96,"minecraft:bowl":4,"minecraft:bucket":1,"minecraft:birch_planks":204,"minecraft:stone_axe":1,"minecraft:wooden_hoe":2,"minecraft:stick":40,"minecraft:iron_pickaxe":2,"minecraft:torch":84},"minecraft:used":{"minecraft:oak_trapdoor":8,"minecraft:oak_fence":1,"minecraft:chest":6,"minecraft:spruce_planks":22,"minecraft:shield":2,"minecraft:wooden_shovel":21,"minecraft:rotten_flesh":3,"minecraft:torch":62,"minecraft:dirt":142,"minecraft:carrot":239,"minecraft:axolotl_bucket":1,"minecraft:snowball":4,"minecraft:iron_axe":193,"minecraft:bow":21,"minecraft:cooked_cod":2,"minecraft:oak_sapling":12,"minecraft:water_bucket":5,"minecraft:diorite":1,"minecraft:birch_planks":203,"minecraft:stone_pickaxe":31,"minecraft:oak_planks":223,"minecraft:oak_slab":530,"minecraft:mushroom_stew":15,"minecraft:deepslate_tiles":6,"minecraft:wooden_hoe":84,"minecraft:melon_slice":29,"minecraft:iron_pickaxe":102,"minecraft:stone_axe":134,"minecraft:bucket":6,"minecraft:birch_log":2,"minecraft:candle":2,"minecraft:bone_meal":69},"minecraft:broken":{"minecraft:iron_helmet":1,"minecraft:wooden_hoe":1},"minecraft:killed_by":{"minecraft:player":2,"man:managgresive":1,"midnightlurker:midnight_lurker_unprovoked":1},"minecraft:dropped":{"minecraft:oak_log":2,"minecraft:dirt":6,"minecraft:birch_log":49,"minecraft:stone_sword":2,"minecraft:raw_iron":3,"minecraft:rotten_flesh":1,"minecraft:tipped_arrow":7,"minecraft:wooden_shovel":2,"minecraft:arrow":10,"minecraft:bow":2,"minecraft:stone_pickaxe":3},"minecraft:killed":{"minecraft:spider":6,"minecraft:skeleton":4,"minecraft:chicken":2,"minecraft:tropical_fish":3,"minecraft:pig":1,"minecraft:rabbit":4,"minecraft:creeper":6,"minecraft:sheep":2,"minecraft:zombie":13,"minecraft:stray":4,"minecraft:cow":1},"minecraft:picked_up":{"minecraft:chicken":3,"minecraft:clay_ball":16,"minecraft:wooden_pickaxe":1,"minecraft:shield":1,"minecraft:amethyst_block":28,"minecraft:oak_trapdoor":2,"minecraft:string":11,"minecraft:raw_copper":102,"minecraft:wooden_sword":2,"minecraft:iron_shovel":1,"minecraft:deepslate_tiles":32,"minecraft:candle":16,"minecraft:cobbled_deepslate":4,"minecraft:spruce_planks":6,"minecraft:calcite":6,"minecraft:azalea":1,"minecraft:wooden_shovel":4,"minecraft:chest":9,"minecraft:birch_sapling":1,"minecraft:egg":2,"minecraft:tipped_arrow":5,"minecraft:golden_helmet":1,"minecraft:stick":6,"minecraft:raw_iron":11,"minecraft:oak_fence":1,"minecraft:torch":37,"minecraft:diorite":6,"minecraft:carrot":239,"minecraft:green_terracotta":5,"minecraft:rabbit_foot":2,"minecraft:dark_oak_planks":3,"minecraft:stone_sword":5,"minecraft:arrow":12,"minecraft:rotten_flesh":8,"minecraft:cooked_cod":2,"minecraft:light_blue_wool":1,"minecraft:tropical_fish":8,"minecraft:deepslate_bricks":1,"minecraft:gold_ingot":1,"minecraft:white_terracotta":5,"minecraft:glow_berries":8,"minecraft:mutton":4,"minecraft:snowball":34,"minecraft:cobblestone":43,"minecraft:birch_log":64,"minecraft:feather":4,"minecraft:andesite":7,"minecraft:leather":1,"minecraft:birch_planks":7,"minecraft:flint":1,"minecraft:tuff":26,"minecraft:oak_log":61,"minecraft:gunpowder":7,"minecraft:dirt":213,"minecraft:bone":9,"minecraft:bow":2,"minecraft:wheat_seeds":2,"minecraft:rabbit_hide":1,"minecraft:stone_pickaxe":9,"minecraft:stone_hoe":4,"minecraft:flowering_azalea":2,"minecraft:oak_planks":28,"minecraft:oak_slab":87,"minecraft:glow_lichen":2,"minecraft:smooth_basalt":18,"minecraft:pumpkin":1,"minecraft:dripstone_block":14,"minecraft:gravel":6,"minecraft:spruce_log":14,"minecraft:dark_oak_log":15,"minecraft:spider_eye":2,"minecraft:leather_helmet":1,"minecraft:light_gray_terracotta":4,"minecraft:blue_terracotta":1,"minecraft:white_concrete_powder":1,"minecraft:stone_axe":1,"minecraft:iron_helmet":1,"minecraft:granite":11,"minecraft:bone_meal":5,"minecraft:rooted_dirt":6,"minecraft:oak_sapling":14,"minecraft:melon_seeds":1,"minecraft:coal":11}},"DataVersion":3120}