{"stats":{"minecraft:mined":{"minecraft:dark_oak_planks":2,"minecraft:deepslate_tiles":15,"minecraft:tuff":8,"minecraft:spruce_planks":4,"minecraft:oak_sapling":3,"minecraft:farmland":2,"minecraft:granite":1,"minecraft:grass_block":87,"minecraft:deepslate_bricks":1,"minecraft:oak_trapdoor":2,"minecraft:carrots":38,"minecraft:iron_ore":1,"minecraft:cobbled_deepslate":2,"minecraft:andesite":1,"minecraft:pumpkin":1,"treechop:chopped_log":1,"minecraft:stone":10,"minecraft:podzol":2,"minecraft:oak_slab":55,"minecraft:powder_snow":1,"minecraft:oak_fence":1,"minecraft:torch":3,"minecraft:calcite":7,"minecraft:chest":3,"minecraft:copper_ore":7,"minecraft:oak_planks":20,"minecraft:diorite":12,"minecraft:wall_torch":7,"minecraft:amethyst_block":9,"minecraft:white_terracotta":5,"minecraft:birch_planks":6,"minecraft:birch_log":7,"minecraft:oak_log":6,"minecraft:coal_ore":1,"minecraft:dripstone_block":2,"minecraft:gravel":7,"minecraft:dirt":130,"minecraft:smooth_basalt":3,"minecraft:terracotta":4,"minecraft:raw_copper_block":1,"minecraft:deepslate":1},"minecraft:custom":{"minecraft:mob_kills":41,"minecraft:interact_with_crafting_table":21,"minecraft:damage_dealt_resisted":157,"minecraft:time_since_death":40955,"minecraft:damage_resisted":10,"minecraft:sprint_one_cm":142653,"minecraft:walk_one_cm":531287,"minecraft:damage_blocked_by_shield":170,"minecraft:drop":23,"minecraft:play_time":185347,"minecraft:deaths":6,"minecraft:sneak_time":33913,"minecraft:jump":702,"minecraft:walk_on_water_one_cm":157,"minecraft:total_world_time":185347,"minecraft:interact_with_furnace":9,"minecraft:time_since_rest":40979,"minecraft:damage_taken":4104,"minecraft:damage_dealt":11421,"minecraft:fly_one_cm":119571,"minecraft:open_chest":243,"minecraft:crouch_one_cm":123595,"minecraft:fall_one_cm":2243},"minecraft:crafted":{"minecraft:oak_planks":584,"minecraft:bone_meal":66,"minecraft:oak_trapdoor":2,"minecraft:bow":1,"minecraft:iron_axe":2,"minecraft:oak_slab":444,"minecraft:arrow":20,"minecraft:spruce_planks":96,"minecraft:bowl":4,"minecraft:birch_planks":204,"minecraft:stone_axe":1,"minecraft:wooden_hoe":2,"minecraft:stick":40,"minecraft:iron_pickaxe":2,"minecraft:torch":48},"minecraft:used":{"minecraft:oak_trapdoor":4,"minecraft:oak_fence":1,"minecraft:chest":6,"minecraft:spruce_planks":14,"minecraft:shield":2,"minecraft:wooden_shovel":21,"minecraft:rotten_flesh":3,"minecraft:torch":48,"minecraft:dirt":129,"minecraft:carrot":174,"minecraft:snowball":4,"minecraft:iron_axe":132,"minecraft:bow":21,"minecraft:cooked_cod":2,"minecraft:oak_sapling":9,"minecraft:water_bucket":1,"minecraft:diorite":1,"minecraft:birch_planks":197,"minecraft:stone_pickaxe":31,"minecraft:oak_planks":211,"minecraft:oak_slab":442,"minecraft:mushroom_stew":15,"minecraft:deepslate_tiles":6,"minecraft:wooden_hoe":84,"minecraft:melon_slice":29,"minecraft:iron_pickaxe":85,"minecraft:stone_axe":134,"minecraft:birch_log":2,"minecraft:bone_meal":69},"minecraft:broken":{"minecraft:iron_helmet":1,"minecraft:wooden_hoe":1},"minecraft:killed_by":{"minecraft:player":2,"man:managgresive":1,"midnightlurker:midnight_lurker_unprovoked":1},"minecraft:dropped":{"minecraft:oak_log":2,"minecraft:dirt":6,"minecraft:birch_log":49,"minecraft:raw_iron":3,"minecraft:rotten_flesh":1,"minecraft:tipped_arrow":7,"minecraft:wooden_shovel":2,"minecraft:arrow":10,"minecraft:bow":2,"minecraft:stone_pickaxe":2},"minecraft:killed":{"minecraft:spider":5,"minecraft:skeleton":4,"minecraft:tropical_fish":2,"minecraft:pig":1,"minecraft:rabbit":4,"minecraft:creeper":6,"minecraft:sheep":2,"minecraft:zombie":10,"minecraft:stray":4,"minecraft:cow":1},"minecraft:picked_up":{"minecraft:clay_ball":16,"minecraft:wooden_pickaxe":1,"minecraft:shield":1,"minecraft:amethyst_block":27,"minecraft:oak_trapdoor":2,"minecraft:string":6,"minecraft:raw_copper":94,"minecraft:wooden_sword":2,"minecraft:iron_shovel":1,"minecraft:deepslate_tiles":19,"minecraft:candle":14,"minecraft:cobbled_deepslate":4,"minecraft:spruce_planks":3,"minecraft:calcite":3,"minecraft:azalea":1,"minecraft:wooden_shovel":4,"minecraft:chest":7,"minecraft:birch_sapling":1,"minecraft:egg":2,"minecraft:tipped_arrow":5,"minecraft:golden_helmet":1,"minecraft:raw_iron":11,"minecraft:oak_fence":1,"minecraft:torch":30,"minecraft:diorite":5,"minecraft:carrot":155,"minecraft:dark_oak_planks":2,"minecraft:arrow":12,"minecraft:rotten_flesh":6,"minecraft:cooked_cod":2,"minecraft:light_blue_wool":1,"minecraft:tropical_fish":2,"minecraft:deepslate_bricks":1,"minecraft:gold_ingot":1,"minecraft:white_terracotta":5,"minecraft:mutton":4,"minecraft:snowball":31,"minecraft:cobblestone":42,"minecraft:birch_log":64,"minecraft:andesite":7,"minecraft:leather":1,"minecraft:birch_planks":6,"minecraft:tuff":13,"minecraft:oak_log":40,"minecraft:gunpowder":7,"minecraft:dirt":211,"minecraft:bone":9,"minecraft:bow":2,"minecraft:rabbit_hide":1,"minecraft:stone_pickaxe":9,"minecraft:oak_planks":21,"minecraft:oak_slab":71,"minecraft:glow_lichen":2,"minecraft:smooth_basalt":18,"minecraft:pumpkin":1,"minecraft:gravel":6,"minecraft:spruce_log":14,"minecraft:dark_oak_log":15,"minecraft:spider_eye":2,"minecraft:leather_helmet":1,"minecraft:blue_terracotta":1,"minecraft:white_concrete_powder":1,"minecraft:stone_axe":1,"minecraft:iron_helmet":1,"minecraft:granite":10,"minecraft:bone_meal":3,"minecraft:oak_sapling":7,"minecraft:melon_seeds":1,"minecraft:coal":6}},"DataVersion":3120}