{"stats":{"minecraft:used":{"minecraft:diorite":1,"minecraft:oak_planks":152,"minecraft:chest":1,"minecraft:wooden_shovel":21,"minecraft:stone_axe":45,"minecraft:dirt":2,"minecraft:bow":14,"minecraft:oak_slab":61,"minecraft:mushroom_stew":6},"minecraft:picked_up":{"minecraft:birch_log":12,"minecraft:smooth_basalt":5,"minecraft:oak_slab":8,"minecraft:raw_iron":4,"minecraft:glow_lichen":2,"minecraft:clay_ball":12,"minecraft:andesite":4,"minecraft:leather":1,"minecraft:torch":1,"minecraft:wooden_pickaxe":1,"minecraft:gravel":6,"minecraft:oak_log":14,"minecraft:diorite":4,"minecraft:shield":1,"minecraft:amethyst_block":7,"minecraft:string":2,"minecraft:dirt":38,"minecraft:leather_helmet":1,"minecraft:raw_copper":52,"minecraft:rotten_flesh":2,"minecraft:light_blue_wool":1,"minecraft:stone_axe":1,"minecraft:rabbit_hide":1,"minecraft:granite":10,"minecraft:azalea":1,"minecraft:wooden_shovel":4,"minecraft:chest":2,"minecraft:mutton":2,"minecraft:oak_planks":2,"minecraft:coal":2,"minecraft:cobblestone":34,"minecraft:egg":2},"minecraft:killed_by":{"minecraft:player":2},"minecraft:crafted":{"minecraft:oak_slab":252,"minecraft:oak_planks":404,"minecraft:arrow":20,"minecraft:bow":1,"minecraft:stick":20,"minecraft:bowl":4},"minecraft:dropped":{"minecraft:dirt":6,"minecraft:oak_log":2,"minecraft:raw_iron":3,"minecraft:wooden_shovel":2},"minecraft:killed":{"minecraft:sheep":2,"minecraft:zombie":3,"minecraft:pig":1,"minecraft:spider":1,"minecraft:rabbit":4,"minecraft:cow":1,"minecraft:skeleton":1},"minecraft:mined":{"minecraft:podzol":2,"minecraft:oak_slab":4,"minecraft:birch_log":5,"minecraft:grass_block":9,"minecraft:oak_log":5,"minecraft:chest":2,"minecraft:gravel":3,"minecraft:dirt":18,"minecraft:oak_planks":2},"minecraft:custom":{"minecraft:time_since_rest":26081,"minecraft:sprint_one_cm":17615,"minecraft:damage_taken":1813,"minecraft:walk_one_cm":102649,"minecraft:mob_kills":13,"minecraft:drop":8,"minecraft:damage_dealt":1304,"minecraft:interact_with_crafting_table":6,"minecraft:fly_one_cm":20828,"minecraft:open_chest":40,"minecraft:crouch_one_cm":19430,"minecraft:play_time":65733,"minecraft:deaths":4,"minecraft:sneak_time":6987,"minecraft:jump":121,"minecraft:time_since_death":25606,"minecraft:total_world_time":65733,"minecraft:damage_resisted":10,"minecraft:fall_one_cm":345,"minecraft:interact_with_furnace":7}},"DataVersion":3120}