{"stats":{"minecraft:used":{"minecraft:dirt":1,"minecraft:oak_slab":2,"minecraft:wooden_shovel":10},"minecraft:picked_up":{"minecraft:birch_log":4,"minecraft:oak_slab":4,"minecraft:clay_ball":12,"minecraft:light_blue_wool":1,"minecraft:oak_log":11,"minecraft:wooden_shovel":3,"minecraft:mutton":2,"minecraft:dirt":17,"minecraft:egg":2},"minecraft:killed_by":{"minecraft:player":2},"minecraft:crafted":{"minecraft:oak_slab":252,"minecraft:oak_planks":256},"minecraft:dropped":{"minecraft:dirt":6,"minecraft:oak_log":2,"minecraft:wooden_shovel":2},"minecraft:custom":{"minecraft:time_since_rest":2081,"minecraft:sprint_one_cm":1249,"minecraft:crouch_one_cm":3157,"minecraft:deaths":4,"minecraft:play_time":41733,"minecraft:damage_taken":1443,"minecraft:walk_one_cm":22743,"minecraft:sneak_time":1539,"minecraft:drop":5,"minecraft:jump":16,"minecraft:damage_dealt":20,"minecraft:time_since_death":1606,"minecraft:total_world_time":41733,"minecraft:damage_resisted":10,"minecraft:interact_with_crafting_table":3,"minecraft:fly_one_cm":1540,"minecraft:open_chest":5},"minecraft:mined":{"minecraft:podzol":1,"minecraft:oak_slab":1,"minecraft:grass_block":7,"minecraft:oak_log":3,"minecraft:dirt":2}},"DataVersion":3120}