{"stats":{"minecraft:dropped":{"minecraft:wooden_axe":1,"minecraft:oak_slab":1},"minecraft:broken":{"minecraft:wooden_axe":1,"minecraft:wooden_shovel":2},"minecraft:picked_up":{"minecraft:wooden_axe":1,"minecraft:oak_slab":4,"minecraft:stick":2,"minecraft:coarse_dirt":29,"minecraft:clay_ball":80,"minecraft:crimson_stem":22,"minecraft:wooden_pickaxe":1,"mca:book_rose_gold":1,"minecraft:oak_log":26,"minecraft:crimson_planks":27,"minecraft:warped_planks":24,"minecraft:dirt":146,"minecraft:warped_stem":32,"minecraft:rooted_dirt":37,"minecraft:oak_sapling":1,"minecraft:moss_block":32,"minecraft:oak_planks":19},"minecraft:crafted":{"minecraft:warped_planks":36,"minecraft:oak_slab":126,"minecraft:oak_planks":72,"minecraft:crimson_planks":28,"minecraft:wooden_shovel":5,"minecraft:stick":20,"minecraft:wooden_axe":2},"minecraft:used":{"minecraft:moss_block":18,"minecraft:wooden_axe":93,"minecraft:rooted_dirt":19,"minecraft:wooden_pickaxe":1,"minecraft:wooden_shovel":166,"minecraft:crimson_planks":4,"minecraft:dirt":168,"minecraft:oak_slab":49,"minecraft:oak_sapling":1,"minecraft:coarse_dirt":14},"minecraft:killed_by":{"minecraft:player":1,"old_goatman:old_goatman":1},"minecraft:mined":{"minecraft:podzol":21,"minecraft:oak_slab":3,"minecraft:coarse_dirt":26,"minecraft:clay":15,"minecraft:grass_block":36,"minecraft:oak_log":27,"minecraft:mycelium":27,"minecraft:dirt_path":1,"minecraft:warped_stem":30,"minecraft:dirt":51,"minecraft:crimson_planks":4,"minecraft:moss_block":23,"minecraft:oak_leaves":20,"minecraft:rooted_dirt":34,"minecraft:crimson_stem":20},"minecraft:custom":{"minecraft:time_since_rest":6812,"minecraft:sprint_one_cm":12150,"minecraft:damage_taken":720,"minecraft:walk_one_cm":39922,"minecraft:drop":2,"minecraft:damage_dealt":140,"minecraft:player_kills":1,"minecraft:interact_with_crafting_table":9,"minecraft:fly_one_cm":13647,"minecraft:open_chest":9,"minecraft:crouch_one_cm":28765,"minecraft:play_time":37623,"minecraft:deaths":2,"minecraft:sneak_time":13988,"minecraft:jump":108,"minecraft:leave_game":4,"minecraft:time_since_death":6781,"minecraft:total_world_time":37623,"minecraft:fall_one_cm":778}},"DataVersion":3120}