{"stats":{"minecraft:used":{"minecraft:oak_slab":1,"minecraft:wooden_shovel":10},"minecraft:picked_up":{"minecraft:oak_slab":3,"minecraft:oak_log":2,"minecraft:wooden_shovel":1,"minecraft:dirt":7,"minecraft:egg":2},"minecraft:killed_by":{"minecraft:player":1},"minecraft:dropped":{"minecraft:dirt":6,"minecraft:oak_log":2,"minecraft:wooden_shovel":1},"minecraft:mined":{"minecraft:grass_block":7,"minecraft:oak_log":3,"minecraft:dirt":1},"minecraft:custom":{"minecraft:time_since_rest":28902,"minecraft:sprint_one_cm":421,"minecraft:crouch_one_cm":2132,"minecraft:deaths":2,"minecraft:play_time":29733,"minecraft:damage_taken":736,"minecraft:walk_one_cm":9304,"minecraft:sneak_time":1058,"minecraft:drop":4,"minecraft:jump":10,"minecraft:time_since_death":28871,"minecraft:total_world_time":29733,"minecraft:damage_resisted":10,"minecraft:interact_with_crafting_table":2,"minecraft:fly_one_cm":938}},"DataVersion":3120}