{"stats":{"minecraft:mined":{"minecraft:dark_oak_planks":2,"minecraft:deepslate_tiles":19,"minecraft:tuff":8,"minecraft:spruce_planks":6,"minecraft:oak_sapling":3,"minecraft:farmland":2,"minecraft:granite":1,"minecraft:grass_block":88,"minecraft:deepslate_bricks":3,"minecraft:rooted_dirt":5,"minecraft:oak_trapdoor":2,"minecraft:carrots":38,"minecraft:iron_ore":1,"minecraft:cobbled_deepslate":2,"minecraft:andesite":1,"minecraft:pumpkin":1,"treechop:chopped_log":4,"minecraft:stone":10,"minecraft:podzol":2,"minecraft:oak_slab":60,"minecraft:powder_snow":1,"minecraft:oak_fence":1,"minecraft:torch":11,"minecraft:calcite":7,"minecraft:chest":3,"minecraft:copper_ore":7,"minecraft:oak_planks":27,"minecraft:diorite":12,"minecraft:wall_torch":7,"minecraft:amethyst_block":9,"minecraft:white_terracotta":5,"minecraft:birch_planks":8,"minecraft:birch_log":7,"minecraft:oak_log":6,"minecraft:coal_ore":1,"minecraft:dripstone_block":2,"minecraft:gravel":7,"minecraft:dirt":130,"minecraft:smooth_basalt":3,"minecraft:terracotta":4,"minecraft:raw_copper_block":1,"minecraft:deepslate":1},"minecraft:custom":{"minecraft:mob_kills":41,"minecraft:interact_with_crafting_table":26,"minecraft:damage_dealt_resisted":157,"minecraft:time_since_death":52955,"minecraft:damage_resisted":10,"minecraft:sprint_one_cm":151236,"minecraft:walk_one_cm":580988,"minecraft:damage_blocked_by_shield":170,"minecraft:drop":23,"minecraft:play_time":197347,"minecraft:deaths":6,"minecraft:sneak_time":36014,"minecraft:walk_under_water_one_cm":11,"minecraft:jump":746,"minecraft:walk_on_water_one_cm":522,"minecraft:total_world_time":197347,"minecraft:interact_with_furnace":9,"minecraft:time_since_rest":52979,"minecraft:damage_taken":4104,"minecraft:damage_dealt":11421,"minecraft:fly_one_cm":126389,"minecraft:open_chest":262,"minecraft:crouch_one_cm":131065,"minecraft:fall_one_cm":2243},"minecraft:crafted":{"minecraft:oak_planks":632,"minecraft:bone_meal":66,"minecraft:oak_trapdoor":6,"minecraft:bow":1,"minecraft:iron_axe":2,"minecraft:oak_slab":462,"minecraft:arrow":20,"minecraft:spruce_planks":96,"minecraft:bowl":4,"minecraft:bucket":1,"minecraft:birch_planks":204,"minecraft:stone_axe":1,"minecraft:wooden_hoe":2,"minecraft:stick":40,"minecraft:iron_pickaxe":2,"minecraft:torch":84},"minecraft:used":{"minecraft:oak_trapdoor":6,"minecraft:oak_fence":1,"minecraft:chest":6,"minecraft:spruce_planks":22,"minecraft:shield":2,"minecraft:wooden_shovel":21,"minecraft:rotten_flesh":3,"minecraft:torch":60,"minecraft:dirt":142,"minecraft:carrot":209,"minecraft:snowball":4,"minecraft:iron_axe":172,"minecraft:bow":21,"minecraft:cooked_cod":2,"minecraft:oak_sapling":12,"minecraft:water_bucket":4,"minecraft:diorite":1,"minecraft:birch_planks":203,"minecraft:stone_pickaxe":31,"minecraft:oak_planks":216,"minecraft:oak_slab":513,"minecraft:mushroom_stew":15,"minecraft:deepslate_tiles":6,"minecraft:wooden_hoe":84,"minecraft:melon_slice":29,"minecraft:iron_pickaxe":91,"minecraft:stone_axe":134,"minecraft:bucket":4,"minecraft:birch_log":2,"minecraft:bone_meal":69},"minecraft:broken":{"minecraft:iron_helmet":1,"minecraft:wooden_hoe":1},"minecraft:killed_by":{"minecraft:player":2,"man:managgresive":1,"midnightlurker:midnight_lurker_unprovoked":1},"minecraft:dropped":{"minecraft:oak_log":2,"minecraft:dirt":6,"minecraft:birch_log":49,"minecraft:raw_iron":3,"minecraft:rotten_flesh":1,"minecraft:tipped_arrow":7,"minecraft:wooden_shovel":2,"minecraft:arrow":10,"minecraft:bow":2,"minecraft:stone_pickaxe":2},"minecraft:killed":{"minecraft:spider":5,"minecraft:skeleton":4,"minecraft:tropical_fish":2,"minecraft:pig":1,"minecraft:rabbit":4,"minecraft:creeper":6,"minecraft:sheep":2,"minecraft:zombie":10,"minecraft:stray":4,"minecraft:cow":1},"minecraft:picked_up":{"minecraft:clay_ball":16,"minecraft:wooden_pickaxe":1,"minecraft:shield":1,"minecraft:amethyst_block":28,"minecraft:oak_trapdoor":2,"minecraft:string":6,"minecraft:raw_copper":102,"minecraft:wooden_sword":2,"minecraft:iron_shovel":1,"minecraft:deepslate_tiles":23,"minecraft:candle":14,"minecraft:cobbled_deepslate":4,"minecraft:spruce_planks":5,"minecraft:calcite":6,"minecraft:azalea":1,"minecraft:wooden_shovel":4,"minecraft:chest":9,"minecraft:birch_sapling":1,"minecraft:egg":2,"minecraft:tipped_arrow":5,"minecraft:golden_helmet":1,"minecraft:stick":6,"minecraft:raw_iron":11,"minecraft:oak_fence":1,"minecraft:torch":36,"minecraft:diorite":6,"minecraft:carrot":190,"minecraft:green_terracotta":5,"minecraft:rabbit_foot":2,"minecraft:dark_oak_planks":2,"minecraft:stone_sword":1,"minecraft:arrow":12,"minecraft:rotten_flesh":6,"minecraft:cooked_cod":2,"minecraft:light_blue_wool":1,"minecraft:tropical_fish":6,"minecraft:deepslate_bricks":1,"minecraft:gold_ingot":1,"minecraft:white_terracotta":5,"minecraft:glow_berries":4,"minecraft:mutton":4,"minecraft:snowball":34,"minecraft:cobblestone":43,"minecraft:birch_log":64,"minecraft:andesite":7,"minecraft:leather":1,"minecraft:birch_planks":7,"minecraft:flint":1,"minecraft:tuff":24,"minecraft:oak_log":59,"minecraft:gunpowder":7,"minecraft:dirt":213,"minecraft:bone":9,"minecraft:bow":2,"minecraft:wheat_seeds":2,"minecraft:rabbit_hide":1,"minecraft:stone_pickaxe":9,"minecraft:stone_hoe":2,"minecraft:flowering_azalea":2,"minecraft:oak_planks":28,"minecraft:oak_slab":80,"minecraft:glow_lichen":2,"minecraft:smooth_basalt":18,"minecraft:pumpkin":1,"minecraft:dripstone_block":14,"minecraft:gravel":6,"minecraft:spruce_log":14,"minecraft:dark_oak_log":15,"minecraft:spider_eye":2,"minecraft:leather_helmet":1,"minecraft:light_gray_terracotta":4,"minecraft:blue_terracotta":1,"minecraft:white_concrete_powder":1,"minecraft:stone_axe":1,"minecraft:iron_helmet":1,"minecraft:granite":11,"minecraft:bone_meal":5,"minecraft:rooted_dirt":4,"minecraft:oak_sapling":14,"minecraft:melon_seeds":1,"minecraft:coal":11}},"DataVersion":3120}