{"stats":{"minecraft:mined":{"minecraft:podzol":2,"minecraft:oak_slab":12,"minecraft:powder_snow":1,"minecraft:granite":1,"minecraft:calcite":7,"minecraft:grass_block":10,"minecraft:chest":2,"minecraft:copper_ore":4,"minecraft:oak_planks":2,"minecraft:diorite":11,"minecraft:amethyst_block":5,"minecraft:white_terracotta":5,"minecraft:birch_log":7,"minecraft:iron_ore":1,"minecraft:andesite":1,"minecraft:pumpkin":1,"minecraft:coal_ore":1,"minecraft:oak_log":5,"minecraft:gravel":7,"minecraft:dripstone_block":2,"minecraft:dirt":19,"minecraft:smooth_basalt":3,"minecraft:terracotta":4,"minecraft:raw_copper_block":1,"minecraft:stone":10},"minecraft:custom":{"minecraft:interact_with_furnace":8,"minecraft:mob_kills":26,"minecraft:interact_with_crafting_table":10,"minecraft:time_since_death":22436,"minecraft:damage_resisted":10,"minecraft:time_since_rest":22462,"minecraft:sprint_one_cm":69562,"minecraft:damage_taken":2796,"minecraft:walk_one_cm":174598,"minecraft:damage_blocked_by_shield":170,"minecraft:drop":8,"minecraft:damage_dealt":4093,"minecraft:fly_one_cm":62361,"minecraft:open_chest":70,"minecraft:crouch_one_cm":38104,"minecraft:play_time":95347,"minecraft:deaths":5,"minecraft:sneak_time":11810,"minecraft:jump":299,"minecraft:total_world_time":95347,"minecraft:fall_one_cm":345},"minecraft:crafted":{"minecraft:oak_slab":252,"minecraft:oak_planks":424,"minecraft:arrow":20,"minecraft:bowl":4,"minecraft:stone_axe":1,"minecraft:bow":1,"minecraft:iron_axe":1,"minecraft:stick":32,"minecraft:iron_pickaxe":1},"minecraft:used":{"minecraft:diorite":1,"minecraft:stone_pickaxe":31,"minecraft:oak_planks":162,"minecraft:chest":6,"minecraft:shield":2,"minecraft:wooden_shovel":21,"minecraft:dirt":2,"minecraft:oak_slab":119,"minecraft:mushroom_stew":15,"minecraft:iron_pickaxe":49,"minecraft:stone_axe":95,"minecraft:bow":21,"minecraft:birch_log":2},"minecraft:killed_by":{"minecraft:player":2,"midnightlurker:midnight_lurker_unprovoked":1},"minecraft:dropped":{"minecraft:oak_log":2,"minecraft:raw_iron":3,"minecraft:dirt":6,"minecraft:wooden_shovel":2},"minecraft:killed":{"minecraft:pig":1,"minecraft:rabbit":4,"minecraft:spider":4,"minecraft:creeper":3,"minecraft:skeleton":1,"minecraft:sheep":2,"minecraft:zombie":5,"minecraft:stray":3,"minecraft:cow":1},"minecraft:picked_up":{"minecraft:birch_log":14,"minecraft:clay_ball":12,"minecraft:andesite":5,"minecraft:leather":1,"minecraft:wooden_pickaxe":1,"minecraft:oak_log":15,"minecraft:shield":1,"minecraft:gunpowder":3,"minecraft:amethyst_block":21,"minecraft:dirt":38,"minecraft:string":5,"minecraft:raw_copper":67,"minecraft:wooden_sword":2,"minecraft:bone":2,"minecraft:bow":1,"minecraft:rabbit_hide":1,"minecraft:stone_pickaxe":2,"minecraft:calcite":2,"minecraft:azalea":1,"minecraft:wooden_shovel":4,"minecraft:chest":5,"minecraft:birch_sapling":1,"minecraft:oak_planks":2,"minecraft:egg":2,"minecraft:tipped_arrow":4,"minecraft:oak_slab":18,"minecraft:glow_lichen":2,"minecraft:raw_iron":5,"minecraft:smooth_basalt":11,"minecraft:pumpkin":1,"minecraft:torch":3,"minecraft:gravel":6,"minecraft:diorite":5,"minecraft:carrot":1,"minecraft:spruce_log":4,"minecraft:dark_oak_log":1,"minecraft:spider_eye":1,"minecraft:leather_helmet":1,"minecraft:arrow":5,"minecraft:blue_terracotta":1,"minecraft:rotten_flesh":2,"minecraft:white_concrete_powder":1,"minecraft:light_blue_wool":1,"minecraft:stone_axe":1,"minecraft:iron_helmet":1,"minecraft:bone_meal":3,"minecraft:granite":10,"minecraft:gold_ingot":1,"minecraft:white_terracotta":5,"minecraft:melon_seeds":1,"minecraft:mutton":4,"minecraft:coal":3,"minecraft:snowball":27,"minecraft:cobblestone":40}},"DataVersion":3120}