{"stats":{"minecraft:mined":{"minecraft:podzol":2,"minecraft:oak_slab":27,"minecraft:farmland":2,"minecraft:powder_snow":1,"minecraft:torch":2,"minecraft:granite":1,"minecraft:calcite":7,"minecraft:grass_block":69,"minecraft:chest":3,"minecraft:copper_ore":4,"minecraft:oak_planks":9,"minecraft:diorite":12,"minecraft:wall_torch":1,"minecraft:amethyst_block":5,"minecraft:white_terracotta":5,"minecraft:carrots":1,"minecraft:birch_log":7,"minecraft:iron_ore":1,"minecraft:andesite":1,"minecraft:pumpkin":1,"minecraft:coal_ore":1,"minecraft:oak_log":5,"minecraft:gravel":7,"minecraft:dripstone_block":2,"minecraft:dirt":65,"minecraft:smooth_basalt":3,"minecraft:terracotta":4,"minecraft:raw_copper_block":1,"minecraft:stone":10},"minecraft:custom":{"minecraft:interact_with_furnace":8,"minecraft:mob_kills":27,"minecraft:interact_with_crafting_table":14,"minecraft:time_since_death":46436,"minecraft:damage_resisted":10,"minecraft:time_since_rest":46462,"minecraft:sprint_one_cm":81263,"minecraft:damage_taken":2950,"minecraft:walk_one_cm":250917,"minecraft:damage_blocked_by_shield":170,"minecraft:drop":20,"minecraft:damage_dealt":8957,"minecraft:fly_one_cm":73549,"minecraft:open_chest":114,"minecraft:crouch_one_cm":74378,"minecraft:play_time":119347,"minecraft:deaths":5,"minecraft:sneak_time":21799,"minecraft:jump":421,"minecraft:total_world_time":119347,"minecraft:fall_one_cm":680},"minecraft:crafted":{"minecraft:oak_slab":252,"minecraft:oak_planks":448,"minecraft:arrow":20,"minecraft:bowl":4,"minecraft:bone_meal":6,"minecraft:birch_planks":196,"minecraft:stone_axe":1,"minecraft:wooden_hoe":2,"minecraft:bow":1,"minecraft:iron_axe":1,"minecraft:stick":32,"minecraft:iron_pickaxe":1},"minecraft:used":{"minecraft:water_bucket":1,"minecraft:diorite":1,"minecraft:birch_planks":151,"minecraft:stone_pickaxe":31,"minecraft:oak_planks":195,"minecraft:chest":6,"minecraft:shield":2,"minecraft:wooden_shovel":21,"minecraft:torch":3,"minecraft:dirt":79,"minecraft:oak_slab":264,"minecraft:mushroom_stew":15,"minecraft:carrot":5,"minecraft:snowball":4,"minecraft:wooden_hoe":83,"minecraft:melon_slice":15,"minecraft:iron_axe":26,"minecraft:iron_pickaxe":50,"minecraft:stone_axe":134,"minecraft:bow":21,"minecraft:birch_log":2,"minecraft:bone_meal":6},"minecraft:broken":{"minecraft:iron_helmet":1,"minecraft:wooden_hoe":1},"minecraft:killed_by":{"minecraft:player":2,"midnightlurker:midnight_lurker_unprovoked":1},"minecraft:dropped":{"minecraft:oak_log":2,"minecraft:raw_iron":3,"minecraft:dirt":6,"minecraft:tipped_arrow":7,"minecraft:wooden_shovel":2,"minecraft:arrow":10,"minecraft:bow":2,"minecraft:birch_log":49},"minecraft:killed":{"minecraft:pig":1,"minecraft:rabbit":4,"minecraft:spider":4,"minecraft:creeper":3,"minecraft:skeleton":1,"minecraft:sheep":2,"minecraft:zombie":5,"minecraft:stray":4,"minecraft:cow":1},"minecraft:picked_up":{"minecraft:birch_log":63,"minecraft:clay_ball":12,"minecraft:andesite":5,"minecraft:leather":1,"minecraft:wooden_pickaxe":1,"minecraft:oak_log":15,"minecraft:shield":1,"minecraft:gunpowder":3,"minecraft:amethyst_block":21,"minecraft:dirt":134,"minecraft:string":5,"minecraft:raw_copper":67,"minecraft:wooden_sword":2,"minecraft:bone":6,"minecraft:bow":2,"minecraft:rabbit_hide":1,"minecraft:stone_pickaxe":2,"minecraft:calcite":2,"minecraft:azalea":1,"minecraft:wooden_shovel":4,"minecraft:chest":6,"minecraft:birch_sapling":1,"minecraft:oak_planks":9,"minecraft:egg":2,"minecraft:tipped_arrow":5,"minecraft:oak_slab":30,"minecraft:glow_lichen":2,"minecraft:raw_iron":5,"minecraft:smooth_basalt":11,"minecraft:pumpkin":1,"minecraft:torch":8,"minecraft:gravel":6,"minecraft:diorite":5,"minecraft:carrot":5,"minecraft:spruce_log":4,"minecraft:dark_oak_log":1,"minecraft:spider_eye":1,"minecraft:leather_helmet":1,"minecraft:arrow":9,"minecraft:blue_terracotta":1,"minecraft:rotten_flesh":2,"minecraft:white_concrete_powder":1,"minecraft:light_blue_wool":1,"minecraft:stone_axe":1,"minecraft:iron_helmet":1,"minecraft:bone_meal":3,"minecraft:granite":10,"minecraft:gold_ingot":1,"minecraft:white_terracotta":5,"minecraft:melon_seeds":1,"minecraft:mutton":4,"minecraft:coal":3,"minecraft:snowball":31,"minecraft:cobblestone":40}},"DataVersion":3120}