{"stats":{"minecraft:mined":{"minecraft:dark_oak_planks":8,"minecraft:deepslate_tiles":30,"minecraft:tuff":10,"minecraft:spruce_planks":7,"minecraft:oak_sapling":3,"minecraft:farmland":2,"minecraft:candle":2,"minecraft:granite":1,"minecraft:grass_block":88,"minecraft:deepslate_bricks":3,"minecraft:moss_block":1,"minecraft:rooted_dirt":8,"minecraft:oak_trapdoor":5,"minecraft:carrots":65,"minecraft:iron_ore":1,"minecraft:cobbled_deepslate":2,"minecraft:andesite":6,"minecraft:pumpkin":1,"treechop:chopped_log":13,"minecraft:stone":10,"minecraft:tripwire":1,"minecraft:podzol":2,"minecraft:oak_slab":83,"minecraft:powder_snow":1,"minecraft:oak_fence":1,"minecraft:torch":11,"minecraft:calcite":7,"minecraft:melon":1,"minecraft:chest":3,"minecraft:copper_ore":7,"minecraft:oak_planks":161,"minecraft:diorite":12,"minecraft:wall_torch":7,"minecraft:amethyst_block":13,"minecraft:white_terracotta":5,"minecraft:birch_planks":8,"minecraft:birch_log":7,"minecraft:oak_log":6,"minecraft:coal_ore":1,"minecraft:dripstone_block":2,"minecraft:gravel":7,"minecraft:dirt":131,"minecraft:smooth_basalt":3,"minecraft:terracotta":4,"minecraft:raw_copper_block":1,"minecraft:deepslate":1},"minecraft:custom":{"minecraft:mob_kills":57,"minecraft:interact_with_crafting_table":37,"minecraft:damage_dealt_resisted":157,"minecraft:time_since_death":5154,"minecraft:damage_resisted":10,"minecraft:sprint_one_cm":225521,"minecraft:walk_one_cm":749068,"minecraft:damage_blocked_by_shield":170,"minecraft:drop":26,"minecraft:play_time":257347,"minecraft:deaths":10,"minecraft:sneak_time":46106,"minecraft:walk_under_water_one_cm":11,"minecraft:jump":1234,"minecraft:walk_on_water_one_cm":2594,"minecraft:total_world_time":257347,"minecraft:interact_with_furnace":9,"minecraft:time_since_rest":5221,"minecraft:damage_taken":6569,"minecraft:damage_dealt":13492,"minecraft:fly_one_cm":220581,"minecraft:open_chest":304,"minecraft:crouch_one_cm":171976,"minecraft:fall_one_cm":7860},"minecraft:crafted":{"minecraft:oak_planks":816,"minecraft:snow":12,"minecraft:bone_meal":66,"minecraft:oak_trapdoor":8,"minecraft:hopper":4,"minecraft:bow":1,"minecraft:iron_axe":3,"minecraft:chest":4,"minecraft:oak_slab":726,"minecraft:arrow":20,"minecraft:spruce_planks":96,"minecraft:bowl":4,"minecraft:bucket":1,"minecraft:birch_planks":204,"minecraft:stone_axe":1,"minecraft:wooden_hoe":2,"minecraft:stick":40,"minecraft:iron_pickaxe":2,"minecraft:snow_block":7,"minecraft:torch":84},"minecraft:used":{"minecraft:oak_trapdoor":11,"minecraft:oak_fence":1,"minecraft:chest":7,"minecraft:spruce_planks":22,"minecraft:shield":2,"minecraft:wooden_shovel":21,"minecraft:stone_hoe":1,"minecraft:rotten_flesh":3,"minecraft:torch":71,"minecraft:dirt":146,"minecraft:hopper":4,"minecraft:carrot":304,"minecraft:axolotl_bucket":1,"minecraft:snowball":4,"minecraft:iron_axe":423,"minecraft:rooted_dirt":4,"minecraft:snow":9,"minecraft:bow":21,"minecraft:cooked_cod":2,"minecraft:oak_sapling":24,"minecraft:water_bucket":6,"minecraft:diorite":1,"minecraft:birch_planks":203,"minecraft:stone_pickaxe":31,"minecraft:oak_planks":250,"minecraft:oak_slab":707,"minecraft:mushroom_stew":15,"minecraft:deepslate_tiles":6,"minecraft:wooden_hoe":84,"minecraft:melon_slice":29,"minecraft:iron_pickaxe":115,"minecraft:stone_axe":134,"minecraft:bucket":7,"minecraft:birch_log":2,"minecraft:candle":2,"minecraft:bone_meal":69},"minecraft:broken":{"minecraft:iron_axe":1,"minecraft:iron_helmet":1,"minecraft:wooden_hoe":1},"minecraft:killed_by":{"minecraft:player":3,"minecraft:creeper":2,"man:managgresive":1,"midnightlurker:midnight_lurker_unprovoked":1},"minecraft:dropped":{"minecraft:oak_log":2,"minecraft:dirt":6,"minecraft:birch_log":49,"minecraft:stone_sword":2,"minecraft:raw_iron":3,"minecraft:rotten_flesh":1,"minecraft:tipped_arrow":7,"minecraft:wooden_shovel":2,"minecraft:arrow":10,"minecraft:bow":2,"minecraft:stone_pickaxe":3},"minecraft:killed":{"minecraft:spider":11,"minecraft:skeleton":7,"minecraft:chicken":2,"minecraft:tropical_fish":3,"minecraft:pig":1,"minecraft:rabbit":4,"minecraft:creeper":6,"minecraft:sheep":2,"minecraft:zombie":13,"minecraft:stray":4,"minecraft:cow":1},"minecraft:picked_up":{"minecraft:chicken":3,"minecraft:clay_ball":16,"minecraft:wooden_pickaxe":1,"minecraft:shield":1,"minecraft:amethyst_block":32,"minecraft:oak_trapdoor":5,"minecraft:string":14,"minecraft:raw_copper":108,"minecraft:wooden_sword":2,"minecraft:iron_shovel":1,"minecraft:deepslate_tiles":33,"minecraft:candle":16,"minecraft:cobbled_deepslate":4,"minecraft:spruce_planks":6,"minecraft:calcite":7,"minecraft:azalea":1,"minecraft:wooden_shovel":4,"minecraft:melon_slice":3,"minecraft:chest":12,"minecraft:birch_sapling":1,"minecraft:egg":2,"minecraft:tipped_arrow":5,"minecraft:golden_helmet":1,"minecraft:stick":13,"minecraft:raw_iron":11,"minecraft:big_dripleaf":2,"minecraft:oak_fence":1,"minecraft:torch":39,"minecraft:diorite":10,"minecraft:carrot":289,"minecraft:brown_dye":2,"minecraft:green_terracotta":6,"minecraft:rabbit_foot":2,"minecraft:dark_oak_planks":5,"minecraft:stone_sword":9,"minecraft:arrow":14,"minecraft:rotten_flesh":8,"minecraft:cooked_cod":2,"minecraft:light_blue_wool":1,"minecraft:tropical_fish":8,"minecraft:deepslate_bricks":1,"minecraft:gold_ingot":1,"minecraft:white_terracotta":5,"minecraft:glow_berries":20,"minecraft:mutton":4,"minecraft:snowball":34,"minecraft:cobblestone":43,"minecraft:birch_log":64,"minecraft:feather":4,"minecraft:andesite":11,"minecraft:leather":1,"minecraft:birch_planks":7,"minecraft:flint":1,"minecraft:tuff":31,"minecraft:oak_log":109,"minecraft:gunpowder":7,"minecraft:dirt":214,"minecraft:bone":9,"minecraft:apple":1,"minecraft:bow":2,"minecraft:wheat_seeds":2,"minecraft:small_dripleaf":5,"minecraft:spore_blossom":1,"minecraft:rabbit_hide":1,"minecraft:stone_pickaxe":10,"minecraft:moss_block":37,"minecraft:stone_hoe":7,"minecraft:flowering_azalea":2,"minecraft:oak_planks":61,"minecraft:oak_slab":99,"minecraft:glow_lichen":2,"minecraft:smooth_basalt":21,"minecraft:pumpkin":1,"minecraft:dandelion":5,"minecraft:dripstone_block":21,"minecraft:gravel":7,"minecraft:spruce_log":14,"minecraft:dark_oak_log":15,"minecraft:spider_eye":3,"minecraft:leather_helmet":2,"minecraft:light_gray_terracotta":7,"minecraft:husk_spawn_egg":1,"minecraft:blue_terracotta":1,"minecraft:white_concrete_powder":1,"minecraft:stone_axe":1,"minecraft:iron_helmet":1,"minecraft:granite":21,"minecraft:bone_meal":5,"minecraft:rooted_dirt":11,"minecraft:oak_sapling":30,"minecraft:melon_seeds":1,"minecraft:coal":11}},"DataVersion":3120}