{"stats":{"minecraft:picked_up":{"minecraft:stick":2,"minecraft:coarse_dirt":3,"minecraft:clay_ball":16,"minecraft:crimson_stem":2,"minecraft:wooden_pickaxe":1,"minecraft:warped_stem":3,"mca:book_rose_gold":1,"minecraft:crimson_planks":24,"minecraft:rooted_dirt":4,"minecraft:warped_planks":24,"minecraft:moss_block":8,"minecraft:oak_planks":19,"minecraft:dirt":18},"minecraft:crafted":{"minecraft:crimson_planks":4},"minecraft:used":{"minecraft:dirt":5,"minecraft:rooted_dirt":1,"minecraft:crimson_planks":4},"minecraft:killed_by":{"minecraft:player":1},"minecraft:mined":{"minecraft:grass_block":4,"minecraft:oak_log":1,"minecraft:dirt":2,"minecraft:oak_leaves":1,"minecraft:rooted_dirt":1,"minecraft:crimson_stem":1},"minecraft:custom":{"minecraft:time_since_rest":2955,"minecraft:crouch_one_cm":2479,"minecraft:damage_taken":330,"minecraft:play_time":12125,"minecraft:walk_one_cm":5436,"minecraft:deaths":1,"minecraft:sneak_time":1274,"minecraft:jump":34,"minecraft:leave_game":4,"minecraft:time_since_death":2805,"minecraft:total_world_time":12125,"minecraft:fly_one_cm":40,"minecraft:fall_one_cm":209}},"DataVersion":3120}