{"stats":{"minecraft:used":{"minecraft:diorite":1,"minecraft:stone_pickaxe":4,"minecraft:oak_planks":162,"minecraft:chest":6,"minecraft:wooden_shovel":21,"minecraft:dirt":2,"minecraft:oak_slab":116,"minecraft:mushroom_stew":11,"minecraft:stone_axe":80,"minecraft:bow":21,"minecraft:birch_log":2},"minecraft:picked_up":{"minecraft:birch_log":14,"minecraft:clay_ball":12,"minecraft:andesite":5,"minecraft:leather":1,"minecraft:wooden_pickaxe":1,"minecraft:oak_log":14,"minecraft:shield":1,"minecraft:gunpowder":1,"minecraft:amethyst_block":12,"minecraft:dirt":38,"minecraft:string":5,"minecraft:raw_copper":67,"minecraft:wooden_sword":2,"minecraft:bone":1,"minecraft:bow":1,"minecraft:rabbit_hide":1,"minecraft:stone_pickaxe":2,"minecraft:azalea":1,"minecraft:wooden_shovel":4,"minecraft:chest":5,"minecraft:birch_sapling":1,"minecraft:oak_planks":2,"minecraft:egg":2,"minecraft:tipped_arrow":2,"minecraft:oak_slab":18,"minecraft:glow_lichen":2,"minecraft:raw_iron":4,"minecraft:smooth_basalt":6,"minecraft:torch":3,"minecraft:gravel":6,"minecraft:diorite":4,"minecraft:spruce_log":4,"minecraft:spider_eye":1,"minecraft:leather_helmet":1,"minecraft:arrow":4,"minecraft:rotten_flesh":2,"minecraft:white_concrete_powder":1,"minecraft:light_blue_wool":1,"minecraft:stone_axe":1,"minecraft:iron_helmet":1,"minecraft:granite":10,"minecraft:gold_ingot":1,"minecraft:melon_seeds":1,"minecraft:mutton":4,"minecraft:coal":2,"minecraft:snowball":7,"minecraft:cobblestone":39},"minecraft:killed_by":{"minecraft:player":2,"midnightlurker:midnight_lurker_unprovoked":1},"minecraft:killed":{"minecraft:pig":1,"minecraft:rabbit":4,"minecraft:spider":4,"minecraft:creeper":2,"minecraft:skeleton":1,"minecraft:sheep":2,"minecraft:zombie":4,"minecraft:stray":1,"minecraft:cow":1},"minecraft:dropped":{"minecraft:oak_log":2,"minecraft:raw_iron":3,"minecraft:dirt":6,"minecraft:wooden_shovel":2},"minecraft:crafted":{"minecraft:oak_slab":252,"minecraft:oak_planks":424,"minecraft:arrow":20,"minecraft:bowl":4,"minecraft:stone_axe":1,"minecraft:bow":1,"minecraft:stick":28},"minecraft:custom":{"minecraft:interact_with_furnace":7,"minecraft:mob_kills":21,"minecraft:interact_with_crafting_table":8,"minecraft:time_since_death":10822,"minecraft:damage_resisted":10,"minecraft:time_since_rest":10848,"minecraft:sprint_one_cm":49135,"minecraft:damage_taken":2382,"minecraft:walk_one_cm":150082,"minecraft:drop":8,"minecraft:damage_dealt":3167,"minecraft:fly_one_cm":46249,"minecraft:open_chest":62,"minecraft:crouch_one_cm":34882,"minecraft:play_time":83733,"minecraft:deaths":5,"minecraft:sneak_time":10975,"minecraft:jump":210,"minecraft:total_world_time":83733,"minecraft:fall_one_cm":345},"minecraft:mined":{"minecraft:podzol":2,"minecraft:oak_slab":12,"minecraft:granite":1,"minecraft:grass_block":9,"minecraft:chest":2,"minecraft:oak_planks":2,"minecraft:diorite":1,"minecraft:birch_log":7,"minecraft:oak_log":5,"minecraft:gravel":3,"minecraft:dirt":18,"minecraft:stone":1}},"DataVersion":3120}