{"stats":{"minecraft:crafted":{"minecraft:warped_planks":36,"minecraft:oak_planks":136,"minecraft:oak_slab":252,"minecraft:crimson_planks":28,"minecraft:wooden_shovel":6,"minecraft:cobblestone":2,"minecraft:stick":20,"minecraft:wooden_axe":3},"minecraft:mined":{"minecraft:podzol":22,"minecraft:oak_slab":15,"minecraft:coarse_dirt":43,"treechop:chopped_log":1,"minecraft:clay":19,"minecraft:grass_block":50,"minecraft:oak_log":32,"minecraft:mycelium":29,"minecraft:dirt_path":1,"minecraft:warped_stem":35,"minecraft:dirt":61,"minecraft:crimson_planks":8,"minecraft:moss_block":39,"minecraft:oak_leaves":25,"minecraft:rooted_dirt":55,"minecraft:crimson_stem":22},"minecraft:used":{"minecraft:rooted_dirt":19,"minecraft:wooden_pickaxe":1,"minecraft:wooden_shovel":192,"minecraft:crimson_planks":4,"minecraft:dirt":176,"minecraft:oak_slab":187,"minecraft:oak_sapling":4,"minecraft:coarse_dirt":14,"minecraft:moss_block":18,"minecraft:wooden_axe":129},"minecraft:broken":{"minecraft:wooden_axe":2,"minecraft:wooden_shovel":3},"minecraft:custom":{"minecraft:time_since_rest":2899,"minecraft:damage_taken":1061,"minecraft:walk_one_cm":53009,"minecraft:sprint_one_cm":23882,"minecraft:drop":2,"minecraft:damage_dealt":140,"minecraft:interact_with_crafting_table":13,"minecraft:fly_one_cm":31674,"minecraft:player_kills":1,"minecraft:open_chest":10,"minecraft:crouch_one_cm":45897,"minecraft:play_time":56037,"minecraft:deaths":3,"minecraft:sneak_time":20409,"minecraft:jump":186,"minecraft:leave_game":5,"minecraft:time_since_death":2860,"minecraft:total_world_time":56037,"minecraft:fall_one_cm":778},"minecraft:picked_up":{"minecraft:wooden_axe":1,"minecraft:oak_slab":16,"minecraft:stick":4,"minecraft:coarse_dirt":49,"minecraft:clay_ball":96,"minecraft:crimson_stem":26,"minecraft:wooden_pickaxe":1,"mca:book_rose_gold":1,"minecraft:oak_log":38,"minecraft:crimson_planks":31,"minecraft:warped_planks":24,"minecraft:dirt":176,"minecraft:warped_stem":38,"minecraft:rooted_dirt":58,"minecraft:oak_sapling":4,"minecraft:moss_block":48,"minecraft:oak_planks":19},"minecraft:dropped":{"minecraft:oak_slab":1,"minecraft:wooden_axe":1},"minecraft:killed_by":{"old_goatman:old_goatman":1,"minecraft:player":2}},"DataVersion":3120}