{"stats":{"minecraft:mined":{"minecraft:dark_oak_planks":2,"minecraft:podzol":2,"minecraft:deepslate_tiles":8,"minecraft:oak_slab":48,"minecraft:oak_sapling":2,"minecraft:tuff":6,"minecraft:spruce_planks":4,"minecraft:farmland":2,"minecraft:powder_snow":1,"minecraft:oak_fence":1,"minecraft:torch":3,"minecraft:granite":1,"minecraft:calcite":7,"minecraft:grass_block":87,"minecraft:chest":3,"minecraft:deepslate_bricks":1,"minecraft:copper_ore":4,"minecraft:oak_planks":20,"minecraft:diorite":12,"minecraft:wall_torch":6,"minecraft:birch_planks":6,"minecraft:amethyst_block":9,"minecraft:white_terracotta":5,"minecraft:carrots":37,"minecraft:birch_log":7,"minecraft:iron_ore":1,"treechop:chopped_log":1,"minecraft:andesite":1,"minecraft:pumpkin":1,"minecraft:coal_ore":1,"minecraft:oak_log":5,"minecraft:gravel":7,"minecraft:dripstone_block":2,"minecraft:dirt":103,"minecraft:smooth_basalt":3,"minecraft:terracotta":4,"minecraft:raw_copper_block":1,"minecraft:stone":10},"minecraft:custom":{"minecraft:interact_with_furnace":9,"minecraft:mob_kills":39,"minecraft:interact_with_crafting_table":20,"minecraft:time_since_death":22955,"minecraft:damage_resisted":10,"minecraft:time_since_rest":22979,"minecraft:sprint_one_cm":124231,"minecraft:damage_taken":3719,"minecraft:walk_one_cm":460481,"minecraft:damage_blocked_by_shield":170,"minecraft:drop":23,"minecraft:damage_dealt":11226,"minecraft:fly_one_cm":100447,"minecraft:open_chest":219,"minecraft:crouch_one_cm":109760,"minecraft:play_time":167347,"minecraft:deaths":6,"minecraft:sneak_time":30222,"minecraft:jump":580,"minecraft:total_world_time":167347,"minecraft:fall_one_cm":2243},"minecraft:crafted":{"minecraft:oak_slab":444,"minecraft:oak_planks":576,"minecraft:arrow":20,"minecraft:bowl":4,"minecraft:bone_meal":66,"minecraft:birch_planks":204,"minecraft:stone_axe":1,"minecraft:wooden_hoe":2,"minecraft:bow":1,"minecraft:iron_axe":2,"minecraft:stick":40,"minecraft:iron_pickaxe":2,"minecraft:torch":48},"minecraft:used":{"minecraft:oak_fence":1,"minecraft:water_bucket":1,"minecraft:diorite":1,"minecraft:birch_planks":197,"minecraft:stone_pickaxe":31,"minecraft:oak_planks":209,"minecraft:chest":6,"minecraft:shield":2,"minecraft:wooden_shovel":21,"minecraft:rotten_flesh":3,"minecraft:torch":46,"minecraft:dirt":126,"minecraft:oak_slab":367,"minecraft:mushroom_stew":15,"minecraft:carrot":139,"minecraft:snowball":4,"minecraft:deepslate_tiles":5,"minecraft:wooden_hoe":84,"minecraft:melon_slice":29,"minecraft:iron_axe":115,"minecraft:iron_pickaxe":70,"minecraft:stone_axe":134,"minecraft:bow":21,"minecraft:oak_sapling":6,"minecraft:cooked_cod":2,"minecraft:birch_log":2,"minecraft:bone_meal":69},"minecraft:broken":{"minecraft:iron_helmet":1,"minecraft:wooden_hoe":1},"minecraft:dropped":{"minecraft:oak_log":2,"minecraft:raw_iron":3,"minecraft:rotten_flesh":1,"minecraft:dirt":6,"minecraft:tipped_arrow":7,"minecraft:wooden_shovel":2,"minecraft:arrow":10,"minecraft:bow":2,"minecraft:stone_pickaxe":2,"minecraft:birch_log":49},"minecraft:killed_by":{"man:managgresive":1,"minecraft:player":2,"midnightlurker:midnight_lurker_unprovoked":1},"minecraft:killed":{"minecraft:pig":1,"minecraft:rabbit":4,"minecraft:spider":5,"minecraft:creeper":6,"minecraft:skeleton":4,"minecraft:sheep":2,"minecraft:zombie":10,"minecraft:stray":4,"minecraft:cow":1},"minecraft:picked_up":{"minecraft:birch_log":64,"minecraft:clay_ball":16,"minecraft:andesite":7,"minecraft:leather":1,"minecraft:wooden_pickaxe":1,"minecraft:birch_planks":6,"minecraft:tuff":12,"minecraft:oak_log":38,"minecraft:shield":1,"minecraft:gunpowder":7,"minecraft:amethyst_block":27,"minecraft:dirt":188,"minecraft:string":6,"minecraft:raw_copper":94,"minecraft:wooden_sword":2,"minecraft:iron_shovel":1,"minecraft:bone":9,"minecraft:bow":2,"minecraft:deepslate_tiles":12,"minecraft:candle":12,"minecraft:cobbled_deepslate":1,"minecraft:spruce_planks":3,"minecraft:rabbit_hide":1,"minecraft:stone_pickaxe":8,"minecraft:calcite":3,"minecraft:azalea":1,"minecraft:wooden_shovel":4,"minecraft:golden_helmet":1,"minecraft:chest":7,"minecraft:birch_sapling":1,"minecraft:oak_planks":21,"minecraft:egg":2,"minecraft:tipped_arrow":5,"minecraft:oak_slab":64,"minecraft:glow_lichen":2,"minecraft:raw_iron":11,"minecraft:smooth_basalt":18,"minecraft:pumpkin":1,"minecraft:oak_fence":1,"minecraft:torch":28,"minecraft:gravel":6,"minecraft:diorite":5,"minecraft:carrot":138,"minecraft:spruce_log":14,"minecraft:dark_oak_log":15,"minecraft:spider_eye":2,"minecraft:leather_helmet":1,"minecraft:dark_oak_planks":2,"minecraft:cooked_cod":2,"minecraft:arrow":11,"minecraft:blue_terracotta":1,"minecraft:rotten_flesh":6,"minecraft:white_concrete_powder":1,"minecraft:light_blue_wool":1,"minecraft:stone_axe":1,"minecraft:deepslate_bricks":1,"minecraft:iron_helmet":1,"minecraft:bone_meal":3,"minecraft:granite":10,"minecraft:gold_ingot":1,"minecraft:white_terracotta":5,"minecraft:oak_sapling":6,"minecraft:melon_seeds":1,"minecraft:mutton":4,"minecraft:coal":6,"minecraft:snowball":31,"minecraft:cobblestone":42}},"DataVersion":3120}