{"stats":{"minecraft:used":{"minecraft:oak_slab":1,"minecraft:wooden_shovel":10},"minecraft:picked_up":{"minecraft:oak_slab":3,"minecraft:oak_log":2,"minecraft:wooden_shovel":1,"minecraft:dirt":6},"minecraft:killed_by":{"minecraft:player":1},"minecraft:dropped":{"minecraft:dirt":6,"minecraft:oak_log":2,"minecraft:wooden_shovel":1},"minecraft:mined":{"minecraft:grass_block":7,"minecraft:oak_log":3,"minecraft:dirt":1},"minecraft:custom":{"minecraft:time_since_rest":16902,"minecraft:crouch_one_cm":1949,"minecraft:deaths":2,"minecraft:play_time":17733,"minecraft:damage_taken":730,"minecraft:walk_one_cm":1498,"minecraft:sneak_time":998,"minecraft:drop":4,"minecraft:jump":7,"minecraft:time_since_death":16871,"minecraft:total_world_time":17733,"minecraft:damage_resisted":10,"minecraft:interact_with_crafting_table":2,"minecraft:fly_one_cm":107}},"DataVersion":3120}