{"stats":{"minecraft:broken":{"minecraft:wooden_shovel":2},"minecraft:dropped":{"minecraft:wooden_axe":1},"minecraft:picked_up":{"minecraft:wooden_axe":1,"minecraft:oak_slab":2,"minecraft:stick":2,"minecraft:coarse_dirt":12,"minecraft:clay_ball":76,"minecraft:crimson_stem":18,"minecraft:wooden_pickaxe":1,"mca:book_rose_gold":1,"minecraft:oak_log":19,"minecraft:crimson_planks":24,"minecraft:warped_planks":24,"minecraft:dirt":93,"minecraft:warped_stem":20,"minecraft:rooted_dirt":22,"minecraft:oak_sapling":1,"minecraft:moss_block":22,"minecraft:oak_planks":19},"minecraft:crafted":{"minecraft:warped_planks":36,"minecraft:oak_slab":126,"minecraft:oak_planks":72,"minecraft:crimson_planks":4,"minecraft:wooden_shovel":4,"minecraft:stick":12,"minecraft:wooden_axe":1},"minecraft:used":{"minecraft:moss_block":18,"minecraft:wooden_axe":55,"minecraft:rooted_dirt":18,"minecraft:wooden_pickaxe":1,"minecraft:wooden_shovel":119,"minecraft:crimson_planks":4,"minecraft:dirt":74,"minecraft:oak_slab":15,"minecraft:oak_sapling":1,"minecraft:coarse_dirt":10},"minecraft:killed_by":{"minecraft:player":1},"minecraft:mined":{"minecraft:podzol":14,"minecraft:oak_slab":2,"minecraft:coarse_dirt":9,"minecraft:clay":14,"minecraft:grass_block":17,"minecraft:oak_log":19,"minecraft:mycelium":19,"minecraft:warped_stem":17,"minecraft:dirt":30,"minecraft:moss_block":14,"minecraft:oak_leaves":13,"minecraft:rooted_dirt":19,"minecraft:crimson_stem":15},"minecraft:custom":{"minecraft:time_since_rest":16453,"minecraft:sprint_one_cm":4811,"minecraft:damage_taken":330,"minecraft:walk_one_cm":24402,"minecraft:drop":1,"minecraft:interact_with_crafting_table":6,"minecraft:fly_one_cm":3326,"minecraft:open_chest":4,"minecraft:crouch_one_cm":16752,"minecraft:play_time":25623,"minecraft:deaths":1,"minecraft:sneak_time":7396,"minecraft:jump":45,"minecraft:leave_game":4,"minecraft:time_since_death":16303,"minecraft:total_world_time":25623,"minecraft:fall_one_cm":209}},"DataVersion":3120}