{"stats":{"minecraft:crafted":{"minecraft:warped_planks":184,"minecraft:oak_planks":208,"minecraft:oak_slab":396,"minecraft:crimson_planks":28,"minecraft:wooden_shovel":6,"minecraft:cobblestone":16,"minecraft:stick":20,"minecraft:warped_slab":24,"minecraft:wooden_axe":3,"minecraft:stone_axe":1},"minecraft:mined":{"minecraft:podzol":24,"minecraft:oak_slab":17,"minecraft:coarse_dirt":48,"minecraft:warped_planks":2,"treechop:chopped_log":3,"minecraft:clay":26,"minecraft:grass_block":55,"minecraft:oak_log":37,"minecraft:mycelium":34,"minecraft:dirt_path":1,"minecraft:warped_stem":38,"minecraft:dirt":65,"minecraft:crimson_planks":12,"minecraft:moss_block":40,"minecraft:oak_leaves":27,"minecraft:rooted_dirt":59,"minecraft:warped_slab":2,"minecraft:crimson_stem":24},"minecraft:used":{"minecraft:rooted_dirt":68,"minecraft:warped_slab":16,"minecraft:wooden_pickaxe":1,"minecraft:wooden_shovel":224,"minecraft:crimson_planks":25,"minecraft:stone_axe":7,"minecraft:dirt":176,"minecraft:oak_slab":335,"minecraft:oak_sapling":7,"minecraft:coarse_dirt":62,"minecraft:warped_planks":152,"minecraft:moss_block":18,"minecraft:wooden_axe":159},"minecraft:broken":{"minecraft:wooden_axe":2,"minecraft:wooden_shovel":3},"minecraft:killed":{"minecraft:spider":1},"minecraft:custom":{"minecraft:time_since_rest":5188,"minecraft:damage_taken":1787,"minecraft:walk_one_cm":83968,"minecraft:sprint_one_cm":48449,"minecraft:mob_kills":1,"minecraft:drop":2,"minecraft:damage_dealt":521,"minecraft:interact_with_crafting_table":21,"minecraft:fly_one_cm":87490,"minecraft:player_kills":1,"minecraft:open_chest":15,"minecraft:crouch_one_cm":75438,"minecraft:play_time":73764,"minecraft:deaths":5,"minecraft:sneak_time":28427,"minecraft:jump":360,"minecraft:leave_game":6,"minecraft:time_since_death":5162,"minecraft:total_world_time":73764,"minecraft:fall_one_cm":778},"minecraft:picked_up":{"minecraft:wooden_axe":1,"minecraft:oak_slab":20,"minecraft:stick":7,"minecraft:coarse_dirt":58,"minecraft:clay_ball":120,"minecraft:crimson_stem":27,"minecraft:wooden_pickaxe":1,"mca:book_rose_gold":1,"minecraft:oak_log":53,"minecraft:crimson_planks":35,"minecraft:warped_planks":26,"minecraft:string":2,"minecraft:spider_eye":1,"minecraft:dirt":190,"minecraft:warped_stem":40,"minecraft:warped_slab":1,"minecraft:rooted_dirt":72,"minecraft:oak_sapling":14,"minecraft:moss_block":49,"minecraft:oak_planks":19},"minecraft:dropped":{"minecraft:oak_slab":1,"minecraft:wooden_axe":1},"minecraft:killed_by":{"old_goatman:old_goatman":1,"minecraft:player":4}},"DataVersion":3120}