{"stats":{"minecraft:mined":{"minecraft:tall_grass":2,"minecraft:grass":4},"minecraft:custom":{"minecraft:jump":79,"minecraft:time_since_rest":6684,"minecraft:damage_dealt":69,"minecraft:crouch_one_cm":151,"minecraft:leave_game":3,"minecraft:play_time":6684,"minecraft:sprint_one_cm":8692,"minecraft:damage_taken":135,"minecraft:time_since_death":6684,"minecraft:walk_one_cm":3507,"minecraft:sneak_time":68,"minecraft:total_world_time":6684,"minecraft:fall_one_cm":3843,"minecraft:fly_one_cm":18746},"minecraft:picked_up":{"minecraft:wheat_seeds":1}},"DataVersion":3465}