{"stats":{"minecraft:mined":{"minecraft:tall_grass":2,"minecraft:grass":5},"minecraft:custom":{"minecraft:jump":185,"minecraft:open_chest":8,"minecraft:time_since_rest":13364,"minecraft:damage_taken":285,"minecraft:leave_game":5,"minecraft:crouch_one_cm":267,"minecraft:time_since_death":13340,"minecraft:play_time":21094,"minecraft:sprint_one_cm":20287,"minecraft:walk_one_cm":5363,"minecraft:walk_on_water_one_cm":6145,"minecraft:deaths":1,"minecraft:sneak_time":264,"minecraft:total_world_time":21094,"minecraft:walk_under_water_one_cm":8023,"minecraft:swim_one_cm":22436,"minecraft:fall_one_cm":9167,"minecraft:fly_one_cm":45682,"minecraft:damage_dealt":69},"minecraft:picked_up":{"minecraft:wheat_seeds":1,"minecraft:dandelion":1}},"DataVersion":3465}