{"stats":{"minecraft:used":{"minecraft:oak_planks":152,"minecraft:chest":1,"minecraft:wooden_shovel":19,"minecraft:stone_axe":26,"minecraft:dirt":2,"minecraft:oak_slab":39,"minecraft:mushroom_stew":1},"minecraft:picked_up":{"minecraft:birch_log":8,"minecraft:smooth_basalt":2,"minecraft:oak_slab":4,"minecraft:raw_iron":3,"minecraft:glow_lichen":2,"minecraft:clay_ball":12,"minecraft:andesite":4,"minecraft:leather":1,"minecraft:gravel":3,"minecraft:oak_log":13,"minecraft:diorite":3,"minecraft:shield":1,"minecraft:amethyst_block":3,"minecraft:dirt":26,"minecraft:leather_helmet":1,"minecraft:raw_copper":48,"minecraft:rotten_flesh":2,"minecraft:light_blue_wool":1,"minecraft:stone_axe":1,"minecraft:rabbit_hide":1,"minecraft:granite":3,"minecraft:azalea":1,"minecraft:wooden_shovel":3,"minecraft:chest":2,"minecraft:mutton":2,"minecraft:oak_planks":2,"minecraft:coal":2,"minecraft:cobblestone":25,"minecraft:egg":2},"minecraft:killed_by":{"minecraft:player":2},"minecraft:crafted":{"minecraft:oak_slab":252,"minecraft:oak_planks":404,"minecraft:bowl":4},"minecraft:dropped":{"minecraft:dirt":6,"minecraft:oak_log":2,"minecraft:raw_iron":3,"minecraft:wooden_shovel":2},"minecraft:killed":{"minecraft:sheep":2,"minecraft:zombie":3,"minecraft:pig":1,"minecraft:rabbit":3,"minecraft:cow":1},"minecraft:mined":{"minecraft:podzol":1,"minecraft:oak_slab":1,"minecraft:birch_log":4,"minecraft:grass_block":7,"minecraft:oak_log":4,"minecraft:chest":2,"minecraft:gravel":1,"minecraft:dirt":13,"minecraft:oak_planks":2},"minecraft:custom":{"minecraft:time_since_rest":14081,"minecraft:sprint_one_cm":9984,"minecraft:damage_taken":1518,"minecraft:walk_one_cm":62031,"minecraft:mob_kills":10,"minecraft:drop":8,"minecraft:damage_dealt":978,"minecraft:interact_with_crafting_table":5,"minecraft:fly_one_cm":13816,"minecraft:open_chest":24,"minecraft:crouch_one_cm":16212,"minecraft:play_time":53733,"minecraft:deaths":4,"minecraft:sneak_time":4707,"minecraft:jump":77,"minecraft:time_since_death":13606,"minecraft:total_world_time":53733,"minecraft:damage_resisted":10,"minecraft:interact_with_furnace":5}},"DataVersion":3120}