{
  "aether:recipes/building_blocks/mossy_holystone_slab_from_mossy_holystone_stonecutting": {
    "criteria": {
      "has_the_recipe": "2024-07-14 20:08:52 -0400"
    },
    "done": true
  },
  "aether:recipes/decorations/gravitite_jukebox": {
    "criteria": {
      "has_the_recipe": "2024-07-14 20:08:52 -0400"
    },
    "done": true
  },
  "aether:recipes/redstone/skyroot_piston": {
    "criteria": {
      "has_the_recipe": "2024-07-14 20:08:53 -0400"
    },
    "done": true
  },
  "aether:recipes/tools/holystone_shovel": {
    "criteria": {
      "has_the_recipe": "2024-07-14 20:08:52 -0400"
    },
    "done": true
  },
  "aether:recipes/building_blocks/light_angelic_stone_from_angelic_stone_stonecutting": {
    "criteria": {
      "has_the_recipe": "2024-07-14 20:08:52 -0400"
    },
    "done": true
  },
  "travelersbackpack:recipes/travelersbackpack/red_sleeping_bag": {
    "criteria": {
      "has_the_recipe": "2024-07-14 20:08:53 -0400"
    },
    "done": true
  },
  "travelersbackpack:recipes/travelersbackpack/light_blue_sleeping_bag": {
    "criteria": {
      "has_the_recipe": "2024-07-14 20:08:53 -0400"
    },
    "done": true
  },
  "aether:recipes/misc/remedy_bucket_enchanting": {
    "criteria": {
      "has_the_recipe": "2024-07-14 20:08:53 -0400"
    },
    "done": true
  },
  "obs:tips/biomes": {
    "criteria": {
      "start": "2024-07-14 20:08:53 -0400"
    },
    "done": true
  },
  "aether:recipes/combat/blue_cape_blue_wool": {
    "criteria": {
      "has_the_recipe": "2024-07-14 20:08:53 -0400"
    },
    "done": true
  },
  "aether:recipes/combat/netherite_sword_repairing": {
    "criteria": {
      "has_the_recipe": "2024-07-14 20:08:53 -0400"
    },
    "done": true
  },
  "aether:recipes/combat/iron_ring": {
    "criteria": {
      "has_the_recipe": "2024-07-14 20:08:53 -0400"
    },
    "done": true
  },
  "aether:recipes/tools/zanite_pickaxe": {
    "criteria": {
      "has_the_recipe": "2024-07-14 20:08:52 -0400"
    },
    "done": true
  },
  "aether:recipes/combat/gravitite_chestplate_repairing": {
    "criteria": {
      "has_the_recipe": "2024-07-14 20:08:53 -0400"
    },
    "done": true
  },
  "travelersbackpack:recipes/travelersbackpack/gold": {
    "criteria": {
      "has_the_recipe": "2024-07-14 20:08:52 -0400"
    },
    "done": true
  },
  "aether:recipes/decorations/incubator": {
    "criteria": {
      "has_the_recipe": "2024-07-14 20:08:53 -0400"
    },
    "done": true
  },
  "travelersbackpack:recipes/travelersbackpack/yellow_sleeping_bag": {
    "criteria": {
      "has_the_recipe": "2024-07-14 20:08:53 -0400"
    },
    "done": true
  },
  "aether:recipes/decorations/carved_wall": {
    "criteria": {
      "has_the_recipe": "2024-07-14 20:08:53 -0400"
    },
    "done": true
  },
  "aether:recipes/tools/golden_parachute": {
    "criteria": {
      "has_the_recipe": "2024-07-14 20:08:52 -0400"
    },
    "done": true
  },
  "aether:recipes/combat/diamond_gloves": {
    "criteria": {
      "has_the_recipe": "2024-07-14 20:08:53 -0400"
    },
    "done": true
  },
  "aether:recipes/decorations/hellfire_wall_from_hellfire_stone_stonecutting": {
    "criteria": {
      "has_the_recipe": "2024-07-14 20:08:53 -0400"
    },
    "done": true
  },
  "travelersbackpack:recipes/travelersbackpack/black_sleeping_bag": {
    "criteria": {
      "has_the_recipe": "2024-07-14 20:08:52 -0400"
    },
    "done": true
  },
  "aether:recipes/combat/gravitite_sword_repairing": {
    "criteria": {
      "has_the_recipe": "2024-07-14 20:08:52 -0400"
    },
    "done": true
  },
  "aether:recipes/decorations/quicksoil_glass_pane": {
    "criteria": {
      "has_the_recipe": "2024-07-14 20:08:52 -0400"
    },
    "done": true
  },
  "aether:recipes/combat/golden_sword_repairing": {
    "criteria": {
      "has_the_recipe": "2024-07-14 20:08:52 -0400"
    },
    "done": true
  },
  "travelersbackpack:recipes/travelersbackpack/lime_sleeping_bag": {
    "criteria": {
      "has_the_recipe": "2024-07-14 20:08:53 -0400"
    },
    "done": true
  },
  "aether:recipes/building_blocks/holystone_brick_stairs": {
    "criteria": {
      "has_the_recipe": "2024-07-14 20:08:52 -0400"
    },
    "done": true
  },
  "aether:recipes/tools/gravitite_hoe": {
    "criteria": {
      "has_the_recipe": "2024-07-14 20:08:53 -0400"
    },
    "done": true
  },
  "travelersbackpack:recipes/travelersbackpack/creeper": {
    "criteria": {
      "has_the_recipe": "2024-07-14 20:08:52 -0400"
    },
    "done": true
  },
  "travelersbackpack:recipes/travelersbackpack/coal_smithing": {
    "criteria": {
      "has_the_recipe": "2024-07-14 20:08:52 -0400"
    },
    "done": true
  },
  "travelersbackpack:recipes/travelersbackpack/emerald": {
    "criteria": {
      "has_the_recipe": "2024-07-14 20:08:53 -0400"
    },
    "done": true
  },
  "aether:recipes/building_blocks/hellfire_stairs": {
    "criteria": {
      "has_the_recipe": "2024-07-14 20:08:53 -0400"
    },
    "done": true
  },
  "obs:tips/mob_drops": {
    "criteria": {
      "start": "2024-07-14 20:08:53 -0400"
    },
    "done": true
  },
  "aether:recipes/misc/enchanted_dart_enchanting": {
    "criteria": {
      "has_the_recipe": "2024-07-14 20:08:53 -0400"
    },
    "done": true
  },
  "aether:recipes/misc/ice_ring_from_freezing": {
    "criteria": {
      "has_the_recipe": "2024-07-14 20:08:52 -0400"
    },
    "done": true
  },
  "aether:recipes/combat/chainmail_chestplate_repairing": {
    "criteria": {
      "has_the_recipe": "2024-07-14 20:08:53 -0400"
    },
    "done": true
  },
  "travelersbackpack:recipes/travelersbackpack/light_blue_sleeping_bag_from_white_sleeping_bag": {
    "criteria": {
      "has_the_recipe": "2024-07-14 20:08:52 -0400"
    },
    "done": true
  },
  "aether:recipes/incubation/blue_moa_incubation": {
    "criteria": {
      "has_the_recipe": "2024-07-14 20:08:52 -0400"
    },
    "done": true
  },
  "aether:recipes/misc/ambrosium_shard_from_ambrosium_block": {
    "criteria": {
      "has_the_recipe": "2024-07-14 20:08:53 -0400"
    },
    "done": true
  },
  "aether:recipes/combat/iron_pendant": {
    "criteria": {
      "has_the_recipe": "2024-07-14 20:08:53 -0400"
    },
    "done": true
  },
  "travelersbackpack:recipes/travelersbackpack/sheep": {
    "criteria": {
      "has_the_recipe": "2024-07-14 20:08:53 -0400"
    },
    "done": true
  },
  "aether:recipes/tools/zanite_pickaxe_repairing": {
    "criteria": {
      "has_the_recipe": "2024-07-14 20:08:53 -0400"
    },
    "done": true
  },
  "aether:recipes/building_blocks/mossy_holystone_slab": {
    "criteria": {
      "has_the_recipe": "2024-07-14 20:08:52 -0400"
    },
    "done": true
  },
  "aether:recipes/building_blocks/skyroot_bookshelf": {
    "criteria": {
      "has_the_recipe": "2024-07-14 20:08:53 -0400"
    },
    "done": true
  },
  "travelersbackpack:recipes/travelersbackpack/wolf_smithing": {
    "criteria": {
      "has_the_recipe": "2024-07-14 20:08:53 -0400"
    },
    "done": true
  },
  "travelersbackpack:recipes/travelersbackpack/lapis_smithing": {
    "criteria": {
      "has_the_recipe": "2024-07-14 20:08:52 -0400"
    },
    "done": true
  },
  "travelersbackpack:recipes/travelersbackpack/pink_sleeping_bag": {
    "criteria": {
      "has_the_recipe": "2024-07-14 20:08:53 -0400"
    },
    "done": true
  },
  "aether:recipes/misc/aether_tune_enchanting": {
    "criteria": {
      "has_the_recipe": "2024-07-14 20:08:52 -0400"
    },
    "done": true
  },
  "aether:recipes/decorations/skyroot_beehive": {
    "criteria": {
      "has_the_recipe": "2024-07-14 20:08:53 -0400"
    },
    "done": true
  },
  "aether:recipes/combat/zanite_boots": {
    "criteria": {
      "has_the_recipe": "2024-07-14 20:08:52 -0400"
    },
    "done": true
  },
  "aether:recipes/misc/flower_to_purple_dye": {
    "criteria": {
      "has_the_recipe": "2024-07-14 20:08:52 -0400"
    },
    "done": true
  },
  "aether:recipes/decorations/skyroot_sign": {
    "criteria": {
      "has_the_recipe": "2024-07-14 20:08:53 -0400"
    },
    "done": true
  },
  "aether:recipes/tools/skyroot_pickaxe": {
    "criteria": {
      "has_the_recipe": "2024-07-14 20:08:52 -0400"
    },
    "done": true
  },
  "aether:recipes/combat/holystone_sword": {
    "criteria": {
      "has_the_recipe": "2024-07-14 20:08:52 -0400"
    },
    "done": true
  },
  "travelersbackpack:recipes/travelersbackpack/gold_tier_upgrade": {
    "criteria": {
      "has_the_recipe": "2024-07-14 20:08:53 -0400"
    },
    "done": true
  },
  "aether:recipes/decorations/skyroot_bed": {
    "criteria": {
      "has_the_recipe": "2024-07-14 20:08:53 -0400"
    },
    "done": true
  },
  "aether:recipes/food/skyroot_milk_bucket_moa_egg_cake": {
    "criteria": {
      "has_the_recipe": "2024-07-14 20:08:53 -0400"
    },
    "done": true
  },
  "aether:recipes/decorations/holystone_wall": {
    "criteria": {
      "has_the_recipe": "2024-07-14 20:08:52 -0400"
    },
    "done": true
  },
  "aether:recipes/building_blocks/hellfire_stairs_from_hellfire_stone_stonecutting": {
    "criteria": {
      "has_the_recipe": "2024-07-14 20:08:52 -0400"
    },
    "done": true
  },
  "aether:recipes/building_blocks/holystone_bricks": {
    "criteria": {
      "has_the_recipe": "2024-07-14 20:08:52 -0400"
    },
    "done": true
  },
  "aether:recipes/combat/chainmail_helmet_repairing": {
    "criteria": {
      "has_the_recipe": "2024-07-14 20:08:53 -0400"
    },
    "done": true
  },
  "obs:ob/root": {
    "criteria": {
      "start": "2024-07-14 20:08:53 -0400"
    },
    "done": true
  },
  "aether:recipes/combat/wood_zanite_vanilla_shield": {
    "criteria": {
      "has_the_recipe": "2024-07-14 20:08:52 -0400"
    },
    "done": true
  },
  "travelersbackpack:recipes/travelersbackpack/cactus": {
    "criteria": {
      "has_the_recipe": "2024-07-14 20:08:53 -0400"
    },
    "done": true
  },
  "aether:recipes/combat/gravitite_helmet_repairing": {
    "criteria": {
      "has_the_recipe": "2024-07-14 20:08:52 -0400"
    },
    "done": true
  },
  "travelersbackpack:recipes/travelersbackpack/light_gray_sleeping_bag": {
    "criteria": {
      "has_the_recipe": "2024-07-14 20:08:52 -0400"
    },
    "done": true
  },
  "aether:recipes/combat/iron_helmet_repairing": {
    "criteria": {
      "has_the_recipe": "2024-07-14 20:08:52 -0400"
    },
    "done": true
  },
  "aether:recipes/misc/chinchilla_enchanting": {
    "criteria": {
      "has_the_recipe": "2024-07-14 20:08:52 -0400"
    },
    "done": true
  },
  "aether:recipes/building_blocks/packed_ice_freezing": {
    "criteria": {
      "has_the_recipe": "2024-07-14 20:08:52 -0400"
    },
    "done": true
  },
  "travelersbackpack:recipes/travelersbackpack/sandstone_smithing": {
    "criteria": {
      "has_the_recipe": "2024-07-14 20:08:53 -0400"
    },
    "done": true
  },
  "travelersbackpack:recipes/travelersbackpack/horse_smithing": {
    "criteria": {
      "has_the_recipe": "2024-07-14 20:08:53 -0400"
    },
    "done": true
  },
  "aether:recipes/combat/golden_leggings_repairing": {
    "criteria": {
      "has_the_recipe": "2024-07-14 20:08:53 -0400"
    },
    "done": true
  },
  "aether:recipes/combat/diamond_sword_repairing": {
    "criteria": {
      "has_the_recipe": "2024-07-14 20:08:52 -0400"
    },
    "done": true
  },
  "aether:recipes/combat/golden_ring": {
    "criteria": {
      "has_the_recipe": "2024-07-14 20:08:52 -0400"
    },
    "done": true
  },
  "aether:recipes/building_blocks/mossy_holystone_stairs_from_mossy_holystone_stonecutting": {
    "criteria": {
      "has_the_recipe": "2024-07-14 20:08:52 -0400"
    },
    "done": true
  },
  "aether:recipes/tools/stone_hoe_repairing": {
    "criteria": {
      "has_the_recipe": "2024-07-14 20:08:52 -0400"
    },
    "done": true
  },
  "aether:recipes/building_blocks/skyroot_stairs": {
    "criteria": {
      "has_the_recipe": "2024-07-14 20:08:53 -0400"
    },
    "done": true
  },
  "aether:recipes/building_blocks/angelic_stone_from_pillar_top_stonecutting": {
    "criteria": {
      "has_the_recipe": "2024-07-14 20:08:53 -0400"
    },
    "done": true
  },
  "travelersbackpack:recipes/travelersbackpack/wither": {
    "criteria": {
      "has_the_recipe": "2024-07-14 20:08:52 -0400"
    },
    "done": true
  },
  "aether:recipes/combat/iron_gloves": {
    "criteria": {
      "has_the_recipe": "2024-07-14 20:08:52 -0400"
    },
    "done": true
  },
  "travelersbackpack:recipes/travelersbackpack/squid": {
    "criteria": {
      "has_the_recipe": "2024-07-14 20:08:52 -0400"
    },
    "done": true
  },
  "aether:recipes/combat/skyroot_sword_repairing": {
    "criteria": {
      "has_the_recipe": "2024-07-14 20:08:52 -0400"
    },
    "done": true
  },
  "aether:recipes/decorations/carved_wall_from_carved_stone_stonecutting": {
    "criteria": {
      "has_the_recipe": "2024-07-14 20:08:53 -0400"
    },
    "done": true
  },
  "aether:recipes/tools/gravitite_pickaxe": {
    "criteria": {
      "has_the_recipe": "2024-07-14 20:08:52 -0400"
    },
    "done": true
  },
  "travelersbackpack:recipes/travelersbackpack/standard_smithing": {
    "criteria": {
      "has_the_recipe": "2024-07-14 20:08:53 -0400"
    },
    "done": true
  },
  "aether:recipes/combat/skyroot_zanite_vanilla_shield": {
    "criteria": {
      "has_the_recipe": "2024-07-14 20:08:53 -0400"
    },
    "done": true
  },
  "travelersbackpack:recipes/travelersbackpack/hay_smithing": {
    "criteria": {
      "has_the_recipe": "2024-07-14 20:08:52 -0400"
    },
    "done": true
  },
  "aether:recipes/redstone/skyroot_door": {
    "criteria": {
      "has_the_recipe": "2024-07-14 20:08:52 -0400"
    },
    "done": true
  },
  "aether:recipes/misc/flower_to_white_dye": {
    "criteria": {
      "has_the_recipe": "2024-07-14 20:08:52 -0400"
    },
    "done": true
  },
  "travelersbackpack:recipes/travelersbackpack/magenta_sleeping_bag_from_white_sleeping_bag": {
    "criteria": {
      "has_the_recipe": "2024-07-14 20:08:53 -0400"
    },
    "done": true
  },
  "aether:recipes/building_blocks/golden_oak_wood": {
    "criteria": {
      "has_the_recipe": "2024-07-14 20:08:52 -0400"
    },
    "done": true
  },
  "aether:recipes/combat/netherite_chestplate_repairing": {
    "criteria": {
      "has_the_recipe": "2024-07-14 20:08:52 -0400"
    },
    "done": true
  },
  "aether:recipes/building_blocks/holystone_brick_slab_from_holystone_stonecutting": {
    "criteria": {
      "has_the_recipe": "2024-07-14 20:08:52 -0400"
    },
    "done": true
  },
  "aether:recipes/combat/gravitite_sword": {
    "criteria": {
      "has_the_recipe": "2024-07-14 20:08:53 -0400"
    },
    "done": true
  },
  "aether:recipes/combat/poison_dart_shooter": {
    "criteria": {
      "has_the_recipe": "2024-07-14 20:08:52 -0400"
    },
    "done": true
  },
  "aether:recipes/tools/zanite_hoe_repairing": {
    "criteria": {
      "has_the_recipe": "2024-07-14 20:08:53 -0400"
    },
    "done": true
  },
  "aether:recipes/building_blocks/carved_stairs_from_carved_stone_stonecutting": {
    "criteria": {
      "has_the_recipe": "2024-07-14 20:08:53 -0400"
    },
    "done": true
  },
  "aether:recipes/misc/aether_gold_nugget_from_smelting": {
    "criteria": {
      "has_the_recipe": "2024-07-14 20:08:52 -0400"
    },
    "done": true
  },
  "travelersbackpack:recipes/travelersbackpack/ghast_smithing": {
    "criteria": {
      "has_the_recipe": "2024-07-14 20:08:53 -0400"
    },
    "done": true
  },
  "aether:recipes/combat/diamond_helmet_repairing": {
    "criteria": {
      "has_the_recipe": "2024-07-14 20:08:53 -0400"
    },
    "done": true
  },
  "travelersbackpack:recipes/travelersbackpack/brown_sleeping_bag": {
    "criteria": {
      "has_the_recipe": "2024-07-14 20:08:52 -0400"
    },
    "done": true
  },
  "obs:tips/spawns": {
    "criteria": {
      "start": "2024-07-14 20:08:53 -0400"
    },
    "done": true
  },
  "aether:recipes/combat/zanite_boots_repairing": {
    "criteria": {
      "has_the_recipe": "2024-07-14 20:08:52 -0400"
    },
    "done": true
  },
  "aether:recipes/tools/aether_saddle": {
    "criteria": {
      "has_the_recipe": "2024-07-14 20:08:52 -0400"
    },
    "done": true
  },
  "travelersbackpack:recipes/travelersbackpack/diamond_smithing": {
    "criteria": {
      "has_the_recipe": "2024-07-14 20:08:52 -0400"
    },
    "done": true
  },
  "aether:recipes/tools/wooden_shovel_repairing": {
    "criteria": {
      "has_the_recipe": "2024-07-14 20:08:53 -0400"
    },
    "done": true
  },
  "aether:recipes/tools/zanite_axe": {
    "criteria": {
      "has_the_recipe": "2024-07-14 20:08:53 -0400"
    },
    "done": true
  },
  "travelersbackpack:standard_from_custom": {
    "criteria": {
      "has_the_recipe": "2024-07-14 20:08:52 -0400"
    },
    "done": true
  },
  "aether:recipes/redstone/skyroot_tripwire_hook": {
    "criteria": {
      "has_the_recipe": "2024-07-14 20:08:53 -0400"
    },
    "done": true
  },
  "mca:recipes/building_blocks/headstones": {
    "criteria": {
      "has_the_slanted_recipe": "2024-07-14 20:08:52 -0400"
    },
    "done": true
  },
  "aether:recipes/building_blocks/angelic_stone_from_pillar_stonecutting": {
    "criteria": {
      "has_the_recipe": "2024-07-14 20:08:52 -0400"
    },
    "done": true
  },
  "aether:recipes/combat/zanite_leggings": {
    "criteria": {
      "has_the_recipe": "2024-07-14 20:08:53 -0400"
    },
    "done": true
  },
  "aether:recipes/building_blocks/icestone_stairs": {
    "criteria": {
      "has_the_recipe": "2024-07-14 20:08:52 -0400"
    },
    "done": true
  },
  "aether:recipes/building_blocks/enchanted_gravitite_enchanting": {
    "criteria": {
      "has_the_recipe": "2024-07-14 20:08:52 -0400"
    },
    "done": true
  },
  "aether:recipes/tools/golden_shovel_repairing": {
    "criteria": {
      "has_the_recipe": "2024-07-14 20:08:53 -0400"
    },
    "done": true
  },
  "travelersbackpack:recipes/travelersbackpack/horse": {
    "criteria": {
      "has_the_recipe": "2024-07-14 20:08:53 -0400"
    },
    "done": true
  },
  "aether:recipes/building_blocks/mossy_holystone_with_vine": {
    "criteria": {
      "has_the_recipe": "2024-07-14 20:08:52 -0400"
    },
    "done": true
  },
  "travelersbackpack:recipes/travelersbackpack/lapis": {
    "criteria": {
      "has_the_recipe": "2024-07-14 20:08:52 -0400"
    },
    "done": true
  },
  "aether:recipes/combat/iron_sword_repairing": {
    "criteria": {
      "has_the_recipe": "2024-07-14 20:08:53 -0400"
    },
    "done": true
  },
  "aether:recipes/tools/gravitite_axe": {
    "criteria": {
      "has_the_recipe": "2024-07-14 20:08:52 -0400"
    },
    "done": true
  },
  "aether:recipes/tools/skyroot_hoe": {
    "criteria": {
      "has_the_recipe": "2024-07-14 20:08:52 -0400"
    },
    "done": true
  },
  "travelersbackpack:recipes/travelersbackpack/black_sleeping_bag_from_white_sleeping_bag": {
    "criteria": {
      "has_the_recipe": "2024-07-14 20:08:52 -0400"
    },
    "done": true
  },
  "travelersbackpack:recipes/travelersbackpack/diamond_tier_upgrade": {
    "criteria": {
      "has_the_recipe": "2024-07-14 20:08:53 -0400"
    },
    "done": true
  },
  "aether:recipes/decorations/skyroot_loom": {
    "criteria": {
      "has_the_recipe": "2024-07-14 20:08:53 -0400"
    },
    "done": true
  },
  "aether:recipes/redstone/skyroot_note_block": {
    "criteria": {
      "has_the_recipe": "2024-07-14 20:08:53 -0400"
    },
    "done": true
  },
  "aether:recipes/combat/golden_dart_shooter": {
    "criteria": {
      "has_the_recipe": "2024-07-14 20:08:53 -0400"
    },
    "done": true
  },
  "aether:recipes/food/moa_egg_cake": {
    "criteria": {
      "has_the_recipe": "2024-07-14 20:08:53 -0400"
    },
    "done": true
  },
  "travelersbackpack:recipes/travelersbackpack/ocelot_smithing": {
    "criteria": {
      "has_the_recipe": "2024-07-14 20:08:52 -0400"
    },
    "done": true
  },
  "aether:recipes/misc/aether_gold_nugget_from_blasting": {
    "criteria": {
      "has_the_recipe": "2024-07-14 20:08:53 -0400"
    },
    "done": true
  },
  "aether:recipes/tools/holystone_pickaxe": {
    "criteria": {
      "has_the_recipe": "2024-07-14 20:08:53 -0400"
    },
    "done": true
  },
  "aether:recipes/building_blocks/hellfire_slab_from_hellfire_stone_stonecutting": {
    "criteria": {
      "has_the_recipe": "2024-07-14 20:08:53 -0400"
    },
    "done": true
  },
  "mca:recipes/misc/rose_gold_ingot_smelting": {
    "criteria": {
      "has_the_recipe": "2024-07-14 20:08:53 -0400"
    },
    "done": true
  },
  "travelersbackpack:recipes/travelersbackpack/enderman_smithing": {
    "criteria": {
      "has_the_recipe": "2024-07-14 20:08:53 -0400"
    },
    "done": true
  },
  "aether:recipes/tools/swet_lead": {
    "criteria": {
      "has_the_recipe": "2024-07-14 20:08:53 -0400"
    },
    "done": true
  },
  "aether:recipes/building_blocks/icestone_slab": {
    "criteria": {
      "has_the_recipe": "2024-07-14 20:08:52 -0400"
    },
    "done": true
  },
  "aether:recipes/building_blocks/angelic_stone_from_light_angelic_stone_stonecutting": {
    "criteria": {
      "has_the_recipe": "2024-07-14 20:08:52 -0400"
    },
    "done": true
  },
  "aether:recipes/redstone/holystone_pressure_plate": {
    "criteria": {
      "has_the_recipe": "2024-07-14 20:08:52 -0400"
    },
    "done": true
  },
  "aether:recipes/redstone/skyroot_button": {
    "criteria": {
      "has_the_recipe": "2024-07-14 20:08:53 -0400"
    },
    "done": true
  },
  "obs:phases/root": {
    "criteria": {
      "start": "2024-07-14 20:09:51 -0400"
    },
    "done": true
  },
  "aether:recipes/combat/gravitite_chestplate": {
    "criteria": {
      "has_the_recipe": "2024-07-14 20:08:53 -0400"
    },
    "done": true
  },
  "aether:recipes/combat/netherite_helmet_repairing": {
    "criteria": {
      "has_the_recipe": "2024-07-14 20:08:52 -0400"
    },
    "done": true
  },
  "travelersbackpack:recipes/travelersbackpack/iron_smithing": {
    "criteria": {
      "has_the_recipe": "2024-07-14 20:08:53 -0400"
    },
    "done": true
  },
  "aether:recipes/decorations/skyroot_smithing_table": {
    "criteria": {
      "has_the_recipe": "2024-07-14 20:08:53 -0400"
    },
    "done": true
  },
  "aether:recipes/building_blocks/stripped_skyroot_wood": {
    "criteria": {
      "has_the_recipe": "2024-07-14 20:08:53 -0400"
    },
    "done": true
  },
  "travelersbackpack:recipes/travelersbackpack/bee": {
    "criteria": {
      "has_the_recipe": "2024-07-14 20:08:52 -0400"
    },
    "done": true
  },
  "travelersbackpack:recipes/travelersbackpack/dragon": {
    "criteria": {
      "has_the_recipe": "2024-07-14 20:08:52 -0400"
    },
    "done": true
  },
  "travelersbackpack:recipes/travelersbackpack/brown_sleeping_bag_from_white_sleeping_bag": {
    "criteria": {
      "has_the_recipe": "2024-07-14 20:08:53 -0400"
    },
    "done": true
  },
  "aether:recipes/redstone/skyroot_lectern": {
    "criteria": {
      "has_the_recipe": "2024-07-14 20:08:52 -0400"
    },
    "done": true
  },
  "aether:recipes/combat/leather_chestplate_repairing": {
    "criteria": {
      "has_the_recipe": "2024-07-14 20:08:52 -0400"
    },
    "done": true
  },
  "aether:recipes/decorations/angelic_wall_from_angelic_stone_stonecutting": {
    "criteria": {
      "has_the_recipe": "2024-07-14 20:08:53 -0400"
    },
    "done": true
  },
  "travelersbackpack:recipes/travelersbackpack/crafting_upgrade": {
    "criteria": {
      "has_the_recipe": "2024-07-14 20:08:52 -0400"
    },
    "done": true
  },
  "aether:recipes/combat/gravitite_gloves_repairing": {
    "criteria": {
      "has_the_recipe": "2024-07-14 20:08:52 -0400"
    },
    "done": true
  },
  "travelersbackpack:recipes/travelersbackpack/end": {
    "criteria": {
      "has_the_recipe": "2024-07-14 20:08:52 -0400"
    },
    "done": true
  },
  "travelersbackpack:recipes/travelersbackpack/fox": {
    "criteria": {
      "has_the_recipe": "2024-07-14 20:08:53 -0400"
    },
    "done": true
  },
  "aether:recipes/tools/stone_shovel_repairing": {
    "criteria": {
      "has_the_recipe": "2024-07-14 20:08:52 -0400"
    },
    "done": true
  },
  "travelersbackpack:recipes/travelersbackpack/sponge_smithing": {
    "criteria": {
      "has_the_recipe": "2024-07-14 20:08:52 -0400"
    },
    "done": true
  },
  "aether:recipes/decorations/holystone_brick_wall_from_holystone_stonecutting": {
    "criteria": {
      "has_the_recipe": "2024-07-14 20:08:53 -0400"
    },
    "done": true
  },
  "aether:recipes/building_blocks/ice_from_bucket_freezing": {
    "criteria": {
      "has_the_recipe": "2024-07-14 20:08:53 -0400"
    },
    "done": true
  },
  "travelersbackpack:recipes/travelersbackpack/backpack_tank": {
    "criteria": {
      "has_the_recipe": "2024-07-14 20:08:52 -0400"
    },
    "done": true
  },
  "travelersbackpack:recipes/travelersbackpack/pink_sleeping_bag_from_white_sleeping_bag": {
    "criteria": {
      "has_the_recipe": "2024-07-14 20:08:53 -0400"
    },
    "done": true
  },
  "aether:recipes/incubation/white_moa_incubation": {
    "criteria": {
      "has_the_recipe": "2024-07-14 20:08:53 -0400"
    },
    "done": true
  },
  "aether:recipes/decorations/mossy_holystone_wall_from_mossy_holystone_stonecutting": {
    "criteria": {
      "has_the_recipe": "2024-07-14 20:08:52 -0400"
    },
    "done": true
  },
  "aether:recipes/combat/gravitite_boots": {
    "criteria": {
      "has_the_recipe": "2024-07-14 20:08:53 -0400"
    },
    "done": true
  },
  "aether:recipes/decorations/skyroot_barrel": {
    "criteria": {
      "has_the_recipe": "2024-07-14 20:08:52 -0400"
    },
    "done": true
  },
  "mca:recipes/building_blocks/rose_gold_block": {
    "criteria": {
      "has_the_recipe": "2024-07-14 20:08:52 -0400"
    },
    "done": true
  },
  "aether:recipes/tools/holystone_pickaxe_repairing": {
    "criteria": {
      "has_the_recipe": "2024-07-14 20:08:52 -0400"
    },
    "done": true
  },
  "aether:recipes/decorations/skyroot_fence": {
    "criteria": {
      "has_the_recipe": "2024-07-14 20:08:53 -0400"
    },
    "done": true
  },
  "aether:recipes/combat/netherite_boots_repairing": {
    "criteria": {
      "has_the_recipe": "2024-07-14 20:08:53 -0400"
    },
    "done": true
  },
  "travelersbackpack:recipes/travelersbackpack/cyan_sleeping_bag_from_white_sleeping_bag": {
    "criteria": {
      "has_the_recipe": "2024-07-14 20:08:53 -0400"
    },
    "done": true
  },
  "aether:recipes/misc/zanite_gemstone_from_smelting": {
    "criteria": {
      "has_the_recipe": "2024-07-14 20:08:53 -0400"
    },
    "done": true
  },
  "travelersbackpack:recipes/travelersbackpack/end_smithing": {
    "criteria": {
      "has_the_recipe": "2024-07-14 20:08:53 -0400"
    },
    "done": true
  },
  "aether:recipes/redstone/skyroot_pressure_plate": {
    "criteria": {
      "has_the_recipe": "2024-07-14 20:08:53 -0400"
    },
    "done": true
  },
  "travelersbackpack:recipes/travelersbackpack/squid_smithing": {
    "criteria": {
      "has_the_recipe": "2024-07-14 20:08:52 -0400"
    },
    "done": true
  },
  "travelersbackpack:recipes/travelersbackpack/creeper_smithing": {
    "criteria": {
      "has_the_recipe": "2024-07-14 20:08:52 -0400"
    },
    "done": true
  },
  "minecraft:adventure/adventuring_time": {
    "criteria": {
      "minecraft:plains": "2024-07-14 20:08:56 -0400"
    },
    "done": false
  },
  "aether:recipes/combat/stone_sword_repairing": {
    "criteria": {
      "has_the_recipe": "2024-07-14 20:08:52 -0400"
    },
    "done": true
  },
  "aether:recipes/building_blocks/holystone_slab": {
    "criteria": {
      "has_the_recipe": "2024-07-14 20:08:52 -0400"
    },
    "done": true
  },
  "aether:recipes/decorations/skyroot_fletching_table": {
    "criteria": {
      "has_the_recipe": "2024-07-14 20:08:53 -0400"
    },
    "done": true
  },
  "travelersbackpack:recipes/travelersbackpack/quartz_smithing": {
    "criteria": {
      "has_the_recipe": "2024-07-14 20:08:53 -0400"
    },
    "done": true
  },
  "aether:recipes/tools/iron_axe_repairing": {
    "criteria": {
      "has_the_recipe": "2024-07-14 20:08:52 -0400"
    },
    "done": true
  },
  "aether:recipes/tools/stone_axe_repairing": {
    "criteria": {
      "has_the_recipe": "2024-07-14 20:08:52 -0400"
    },
    "done": true
  },
  "obs:tips/shifting": {
    "criteria": {
      "start": "2024-07-14 20:08:53 -0400"
    },
    "done": true
  },
  "aether:recipes/tools/gravitite_pickaxe_repairing": {
    "criteria": {
      "has_the_recipe": "2024-07-14 20:08:53 -0400"
    },
    "done": true
  },
  "aether:recipes/combat/zanite_helmet_repairing": {
    "criteria": {
      "has_the_recipe": "2024-07-14 20:08:53 -0400"
    },
    "done": true
  },
  "aether:recipes/combat/chainmail_gloves_repairing": {
    "criteria": {
      "has_the_recipe": "2024-07-14 20:08:52 -0400"
    },
    "done": true
  },
  "aether:recipes/building_blocks/carved_stone_from_sentry_stone_stonecutting": {
    "criteria": {
      "has_the_recipe": "2024-07-14 20:08:53 -0400"
    },
    "done": true
  },
  "aether:recipes/combat/white_cape": {
    "criteria": {
      "has_the_recipe": "2024-07-14 20:08:53 -0400"
    },
    "done": true
  },
  "aether:recipes/decorations/skyroot_cartography_table": {
    "criteria": {
      "has_the_recipe": "2024-07-14 20:08:52 -0400"
    },
    "done": true
  },
  "travelersbackpack:recipes/travelersbackpack/bat_smithing": {
    "criteria": {
      "has_the_recipe": "2024-07-14 20:08:52 -0400"
    },
    "done": true
  },
  "aether:recipes/decorations/skyroot_gravitite_jukebox": {
    "criteria": {
      "has_the_recipe": "2024-07-14 20:08:53 -0400"
    },
    "done": true
  },
  "aether:recipes/combat/skyroot_iron_vanilla_shield": {
    "criteria": {
      "has_the_recipe": "2024-07-14 20:08:53 -0400"
    },
    "done": true
  },
  "aether:recipes/building_blocks/crystal_leaves_freezing": {
    "criteria": {
      "has_the_recipe": "2024-07-14 20:08:53 -0400"
    },
    "done": true
  },
  "aether:recipes/building_blocks/sentry_stone_from_carved_stone_stonecutting": {
    "criteria": {
      "has_the_recipe": "2024-07-14 20:08:52 -0400"
    },
    "done": true
  },
  "aether:recipes/building_blocks/light_hellfire_stone_from_hellfire_stone_stonecutting": {
    "criteria": {
      "has_the_recipe": "2024-07-14 20:08:52 -0400"
    },
    "done": true
  },
  "aether:recipes/combat/leather_leggings_repairing": {
    "criteria": {
      "has_the_recipe": "2024-07-14 20:08:53 -0400"
    },
    "done": true
  },
  "travelersbackpack:recipes/travelersbackpack/blue_sleeping_bag_from_white_sleeping_bag": {
    "criteria": {
      "has_the_recipe": "2024-07-14 20:08:53 -0400"
    },
    "done": true
  },
  "aether:recipes/building_blocks/carved_slab": {
    "criteria": {
      "has_the_recipe": "2024-07-14 20:08:53 -0400"
    },
    "done": true
  },
  "aether:recipes/building_blocks/hellfire_slab": {
    "criteria": {
      "has_the_recipe": "2024-07-14 20:08:53 -0400"
    },
    "done": true
  },
  "aether:recipes/decorations/mossy_holystone_wall": {
    "criteria": {
      "has_the_recipe": "2024-07-14 20:08:53 -0400"
    },
    "done": true
  },
  "aether:recipes/building_blocks/holystone_brick_slab": {
    "criteria": {
      "has_the_recipe": "2024-07-14 20:08:52 -0400"
    },
    "done": true
  },
  "aether:recipes/combat/netherite_leggings_repairing": {
    "criteria": {
      "has_the_recipe": "2024-07-14 20:08:53 -0400"
    },
    "done": true
  },
  "aether:recipes/building_blocks/holystone_stairs": {
    "criteria": {
      "has_the_recipe": "2024-07-14 20:08:52 -0400"
    },
    "done": true
  },
  "travelersbackpack:recipes/travelersbackpack/cow_smithing": {
    "criteria": {
      "has_the_recipe": "2024-07-14 20:08:52 -0400"
    },
    "done": true
  },
  "travelersbackpack:recipes/travelersbackpack/blank_upgrade": {
    "criteria": {
      "has_the_recipe": "2024-07-14 20:08:53 -0400"
    },
    "done": true
  },
  "travelersbackpack:recipes/travelersbackpack/iron_golem_smithing": {
    "criteria": {
      "has_the_recipe": "2024-07-14 20:08:52 -0400"
    },
    "done": true
  },
  "travelersbackpack:recipes/travelersbackpack/bookshelf_smithing": {
    "criteria": {
      "has_the_recipe": "2024-07-14 20:08:52 -0400"
    },
    "done": true
  },
  "travelersbackpack:recipes/travelersbackpack/pumpkin_smithing": {
    "criteria": {
      "has_the_recipe": "2024-07-14 20:08:53 -0400"
    },
    "done": true
  },
  "travelersbackpack:recipes/travelersbackpack/green_sleeping_bag": {
    "criteria": {
      "has_the_recipe": "2024-07-14 20:08:52 -0400"
    },
    "done": true
  },
  "aether:recipes/building_blocks/skyroot_slab": {
    "criteria": {
      "has_the_recipe": "2024-07-14 20:08:52 -0400"
    },
    "done": true
  },
  "travelersbackpack:recipes/travelersbackpack/yellow_sleeping_bag_from_white_sleeping_bag": {
    "criteria": {
      "has_the_recipe": "2024-07-14 20:08:52 -0400"
    },
    "done": true
  },
  "aether:recipes/combat/zanite_sword_repairing": {
    "criteria": {
      "has_the_recipe": "2024-07-14 20:08:53 -0400"
    },
    "done": true
  },
  "aether:recipes/building_blocks/carved_stairs": {
    "criteria": {
      "has_the_recipe": "2024-07-14 20:08:53 -0400"
    },
    "done": true
  },
  "travelersbackpack:recipes/travelersbackpack/ocelot": {
    "criteria": {
      "has_the_recipe": "2024-07-14 20:08:52 -0400"
    },
    "done": true
  },
  "obs:tips/trader": {
    "criteria": {
      "start": "2024-07-14 20:08:53 -0400"
    },
    "done": true
  },
  "aether:recipes/decorations/hellfire_wall": {
    "criteria": {
      "has_the_recipe": "2024-07-14 20:08:53 -0400"
    },
    "done": true
  },
  "aether:recipes/building_blocks/aerogel_stairs": {
    "criteria": {
      "has_the_recipe": "2024-07-14 20:08:53 -0400"
    },
    "done": true
  },
  "aether:recipes/combat/zanite_chestplate": {
    "criteria": {
      "has_the_recipe": "2024-07-14 20:08:52 -0400"
    },
    "done": true
  },
  "travelersbackpack:recipes/travelersbackpack/sponge": {
    "criteria": {
      "has_the_recipe": "2024-07-14 20:08:53 -0400"
    },
    "done": true
  },
  "aether:recipes/building_blocks/angelic_slab": {
    "criteria": {
      "has_the_recipe": "2024-07-14 20:08:53 -0400"
    },
    "done": true
  },
  "travelersbackpack:recipes/travelersbackpack/white_sleeping_bag": {
    "criteria": {
      "has_the_recipe": "2024-07-14 20:08:53 -0400"
    },
    "done": true
  },
  "aether:recipes/food/healing_stone_enchanting": {
    "criteria": {
      "has_the_recipe": "2024-07-14 20:08:53 -0400"
    },
    "done": true
  },
  "obs:tips/root": {
    "criteria": {
      "start": "2024-07-14 20:08:53 -0400"
    },
    "done": true
  },
  "aether:recipes/combat/zanite_chestplate_repairing": {
    "criteria": {
      "has_the_recipe": "2024-07-14 20:08:53 -0400"
    },
    "done": true
  },
  "obs:tips/gate": {
    "criteria": {
      "start": "2024-07-14 20:08:53 -0400"
    },
    "done": true
  },
  "aether:recipes/building_blocks/holystone_stairs_from_holystone_stonecutting": {
    "criteria": {
      "has_the_recipe": "2024-07-14 20:08:52 -0400"
    },
    "done": true
  },
  "aether:recipes/combat/chainmail_boots_repairing": {
    "criteria": {
      "has_the_recipe": "2024-07-14 20:08:52 -0400"
    },
    "done": true
  },
  "travelersbackpack:recipes/travelersbackpack/pig": {
    "criteria": {
      "has_the_recipe": "2024-07-14 20:08:53 -0400"
    },
    "done": true
  },
  "aether:recipes/tools/skyroot_shovel_repairing": {
    "criteria": {
      "has_the_recipe": "2024-07-14 20:08:52 -0400"
    },
    "done": true
  },
  "travelersbackpack:recipes/travelersbackpack/redstone_smithing": {
    "criteria": {
      "has_the_recipe": "2024-07-14 20:08:53 -0400"
    },
    "done": true
  },
  "aether:recipes/combat/blue_cape_light_blue_wool": {
    "criteria": {
      "has_the_recipe": "2024-07-14 20:08:53 -0400"
    },
    "done": true
  },
  "aether:recipes/food/moa_egg_pumpkin_pie": {
    "criteria": {
      "has_the_recipe": "2024-07-14 20:08:53 -0400"
    },
    "done": true
  },
  "travelersbackpack:recipes/travelersbackpack/chicken_smithing": {
    "criteria": {
      "has_the_recipe": "2024-07-14 20:08:53 -0400"
    },
    "done": true
  },
  "aether:recipes/building_blocks/holystone_brick_slab_from_holystone_bricks_stonecutting": {
    "criteria": {
      "has_the_recipe": "2024-07-14 20:08:53 -0400"
    },
    "done": true
  },
  "travelersbackpack:recipes/travelersbackpack/cow": {
    "criteria": {
      "has_the_recipe": "2024-07-14 20:08:53 -0400"
    },
    "done": true
  },
  "aether:recipes/combat/diamond_leggings_repairing": {
    "criteria": {
      "has_the_recipe": "2024-07-14 20:08:53 -0400"
    },
    "done": true
  },
  "aether:recipes/tools/holystone_axe_repairing": {
    "criteria": {
      "has_the_recipe": "2024-07-14 20:08:53 -0400"
    },
    "done": true
  },
  "aether:recipes/tools/skyroot_axe": {
    "criteria": {
      "has_the_recipe": "2024-07-14 20:08:53 -0400"
    },
    "done": true
  },
  "aether:recipes/building_blocks/pillar_top_from_pillar_stonecutting": {
    "criteria": {
      "has_the_recipe": "2024-07-14 20:08:52 -0400"
    },
    "done": true
  },
  "travelersbackpack:recipes/travelersbackpack/wolf": {
    "criteria": {
      "has_the_recipe": "2024-07-14 20:08:53 -0400"
    },
    "done": true
  },
  "aether:recipes/decorations/aerogel_wall": {
    "criteria": {
      "has_the_recipe": "2024-07-14 20:08:52 -0400"
    },
    "done": true
  },
  "travelersbackpack:recipes/travelersbackpack/spider": {
    "criteria": {
      "has_the_recipe": "2024-07-14 20:08:52 -0400"
    },
    "done": true
  },
  "aether:recipes/tools/netherite_hoe_repairing": {
    "criteria": {
      "has_the_recipe": "2024-07-14 20:08:52 -0400"
    },
    "done": true
  },
  "mca:recipes/misc/rose_gold_ingot": {
    "criteria": {
      "has_the_recipe": "2024-07-14 20:08:52 -0400"
    },
    "done": true
  },
  "travelersbackpack:recipes/travelersbackpack/magenta_sleeping_bag": {
    "criteria": {
      "has_the_recipe": "2024-07-14 20:08:52 -0400"
    },
    "done": true
  },
  "aether:recipes/misc/skyroot_bucket": {
    "criteria": {
      "has_the_recipe": "2024-07-14 20:08:52 -0400"
    },
    "done": true
  },
  "aether:recipes/building_blocks/skyroot_planks": {
    "criteria": {
      "has_the_recipe": "2024-07-14 20:08:53 -0400"
    },
    "done": true
  },
  "aether:recipes/combat/diamond_boots_repairing": {
    "criteria": {
      "has_the_recipe": "2024-07-14 20:08:53 -0400"
    },
    "done": true
  },
  "travelersbackpack:recipes/travelersbackpack/netherite_smithing": {
    "criteria": {
      "has_the_recipe": "2024-07-14 20:08:52 -0400"
    },
    "done": true
  },
  "travelersbackpack:recipes/travelersbackpack/redstone": {
    "criteria": {
      "has_the_recipe": "2024-07-14 20:08:52 -0400"
    },
    "done": true
  },
  "aether:recipes/tools/gravitite_shovel": {
    "criteria": {
      "has_the_recipe": "2024-07-14 20:08:53 -0400"
    },
    "done": true
  },
  "aether:recipes/building_blocks/angelic_slab_from_angelic_stone_stonecutting": {
    "criteria": {
      "has_the_recipe": "2024-07-14 20:08:53 -0400"
    },
    "done": true
  },
  "aether:recipes/building_blocks/skyroot_wood": {
    "criteria": {
      "has_the_recipe": "2024-07-14 20:08:53 -0400"
    },
    "done": true
  },
  "aether:recipes/decorations/angelic_wall": {
    "criteria": {
      "has_the_recipe": "2024-07-14 20:08:52 -0400"
    },
    "done": true
  },
  "aether:recipes/combat/zanite_gloves": {
    "criteria": {
      "has_the_recipe": "2024-07-14 20:08:52 -0400"
    },
    "done": true
  },
  "obs:tips/area": {
    "criteria": {
      "start": "2024-07-14 20:08:53 -0400"
    },
    "done": true
  },
  "aether:recipes/combat/holystone_sword_repairing": {
    "criteria": {
      "has_the_recipe": "2024-07-14 20:08:52 -0400"
    },
    "done": true
  },
  "travelersbackpack:recipes/travelersbackpack/snow_smithing": {
    "criteria": {
      "has_the_recipe": "2024-07-14 20:08:52 -0400"
    },
    "done": true
  },
  "aether:recipes/decorations/holystone_wall_from_holystone_stonecutting": {
    "criteria": {
      "has_the_recipe": "2024-07-14 20:08:52 -0400"
    },
    "done": true
  },
  "aether:recipes/transportation/skyroot_boat": {
    "criteria": {
      "has_the_recipe": "2024-07-14 20:08:52 -0400"
    },
    "done": true
  },
  "aether:recipes/building_blocks/carved_slab_from_carved_stone_stonecutting": {
    "criteria": {
      "has_the_recipe": "2024-07-14 20:08:52 -0400"
    },
    "done": true
  },
  "aether:recipes/combat/gravitite_boots_repairing": {
    "criteria": {
      "has_the_recipe": "2024-07-14 20:08:53 -0400"
    },
    "done": true
  },
  "travelersbackpack:recipes/travelersbackpack/red_sleeping_bag_from_white_sleeping_bag": {
    "criteria": {
      "has_the_recipe": "2024-07-14 20:08:52 -0400"
    },
    "done": true
  },
  "aether:recipes/tools/zanite_axe_repairing": {
    "criteria": {
      "has_the_recipe": "2024-07-14 20:08:52 -0400"
    },
    "done": true
  },
  "travelersbackpack:recipes/travelersbackpack/iron_tier_upgrade": {
    "criteria": {
      "has_the_recipe": "2024-07-14 20:08:52 -0400"
    },
    "done": true
  },
  "mca:recipes/misc/rose_gold_ingot_blasting": {
    "criteria": {
      "has_the_recipe": "2024-07-14 20:08:53 -0400"
    },
    "done": true
  },
  "aether:recipes/tools/netherite_pickaxe_repairing": {
    "criteria": {
      "has_the_recipe": "2024-07-14 20:08:52 -0400"
    },
    "done": true
  },
  "aether:recipes/combat/leather_boots_repairing": {
    "criteria": {
      "has_the_recipe": "2024-07-14 20:08:53 -0400"
    },
    "done": true
  },
  "aether:recipes/tools/holystone_shovel_repairing": {
    "criteria": {
      "has_the_recipe": "2024-07-14 20:08:53 -0400"
    },
    "done": true
  },
  "aether:recipes/combat/bow_repairing": {
    "criteria": {
      "has_the_recipe": "2024-07-14 20:08:52 -0400"
    },
    "done": true
  },
  "aether:recipes/tools/wooden_pickaxe_repairing": {
    "criteria": {
      "has_the_recipe": "2024-07-14 20:08:52 -0400"
    },
    "done": true
  },
  "travelersbackpack:recipes/travelersbackpack/pig_smithing": {
    "criteria": {
      "has_the_recipe": "2024-07-14 20:08:52 -0400"
    },
    "done": true
  },
  "travelersbackpack:recipes/travelersbackpack/gray_sleeping_bag_from_white_sleeping_bag": {
    "criteria": {
      "has_the_recipe": "2024-07-14 20:08:53 -0400"
    },
    "done": true
  },
  "aether:recipes/decorations/freezer": {
    "criteria": {
      "has_the_recipe": "2024-07-14 20:08:52 -0400"
    },
    "done": true
  },
  "aether:recipes/tools/holystone_hoe": {
    "criteria": {
      "has_the_recipe": "2024-07-14 20:08:52 -0400"
    },
    "done": true
  },
  "aether:recipes/combat/wooden_sword_repairing": {
    "criteria": {
      "has_the_recipe": "2024-07-14 20:08:52 -0400"
    },
    "done": true
  },
  "aether:recipes/tools/wooden_hoe_repairing": {
    "criteria": {
      "has_the_recipe": "2024-07-14 20:08:52 -0400"
    },
    "done": true
  },
  "aether:recipes/building_blocks/pillar_from_pillar_top_stonecutting": {
    "criteria": {
      "has_the_recipe": "2024-07-14 20:08:52 -0400"
    },
    "done": true
  },
  "aether:recipes/food/skyroot_milk_bucket_cake": {
    "criteria": {
      "has_the_recipe": "2024-07-14 20:08:52 -0400"
    },
    "done": true
  },
  "travelersbackpack:recipes/travelersbackpack/sheep_smithing": {
    "criteria": {
      "has_the_recipe": "2024-07-14 20:08:52 -0400"
    },
    "done": true
  },
  "aether:recipes/decorations/ambrosium_torch": {
    "criteria": {
      "has_the_recipe": "2024-07-14 20:08:52 -0400"
    },
    "done": true
  },
  "travelersbackpack:recipes/travelersbackpack/gold_smithing": {
    "criteria": {
      "has_the_recipe": "2024-07-14 20:08:52 -0400"
    },
    "done": true
  },
  "travelersbackpack:recipes/travelersbackpack/bee_smithing": {
    "criteria": {
      "has_the_recipe": "2024-07-14 20:08:53 -0400"
    },
    "done": true
  },
  "aether:recipes/combat/golden_chestplate_repairing": {
    "criteria": {
      "has_the_recipe": "2024-07-14 20:08:52 -0400"
    },
    "done": true
  },
  "aether:recipes/misc/aether_iron_nugget_from_blasting": {
    "criteria": {
      "has_the_recipe": "2024-07-14 20:08:52 -0400"
    },
    "done": true
  },
  "aether:recipes/combat/old_netherite_gloves_smithing": {
    "criteria": {
      "has_the_recipe": "2024-07-14 20:08:52 -0400"
    },
    "done": true
  },
  "aether:recipes/redstone/swet_slime_block": {
    "criteria": {
      "has_the_recipe": "2024-07-14 20:08:52 -0400"
    },
    "done": true
  },
  "travelersbackpack:recipes/travelersbackpack/dragon_smithing": {
    "criteria": {
      "has_the_recipe": "2024-07-14 20:08:52 -0400"
    },
    "done": true
  },
  "aether:recipes/building_blocks/aerogel_stairs_from_aerogel_stonecutting": {
    "criteria": {
      "has_the_recipe": "2024-07-14 20:08:52 -0400"
    },
    "done": true
  },
  "travelersbackpack:recipes/travelersbackpack/orange_sleeping_bag": {
    "criteria": {
      "has_the_recipe": "2024-07-14 20:08:52 -0400"
    },
    "done": true
  },
  "aether:recipes/decorations/icestone_wall_from_icestone_stonecutting": {
    "criteria": {
      "has_the_recipe": "2024-07-14 20:08:52 -0400"
    },
    "done": true
  },
  "travelersbackpack:recipes/travelersbackpack/wither_smithing": {
    "criteria": {
      "has_the_recipe": "2024-07-14 20:08:52 -0400"
    },
    "done": true
  },
  "aether:recipes/combat/golden_boots_repairing": {
    "criteria": {
      "has_the_recipe": "2024-07-14 20:08:52 -0400"
    },
    "done": true
  },
  "travelersbackpack:recipes/travelersbackpack/skeleton": {
    "criteria": {
      "has_the_recipe": "2024-07-14 20:08:52 -0400"
    },
    "done": true
  },
  "aether:recipes/tools/golden_hoe_repairing": {
    "criteria": {
      "has_the_recipe": "2024-07-14 20:08:52 -0400"
    },
    "done": true
  },
  "aether:recipes/combat/gravitite_leggings": {
    "criteria": {
      "has_the_recipe": "2024-07-14 20:08:53 -0400"
    },
    "done": true
  },
  "aether:recipes/combat/chainmail_leggings_repairing": {
    "criteria": {
      "has_the_recipe": "2024-07-14 20:08:52 -0400"
    },
    "done": true
  },
  "aether:recipes/combat/leather_gloves": {
    "criteria": {
      "has_the_recipe": "2024-07-14 20:08:53 -0400"
    },
    "done": true
  },
  "aether:recipes/tools/gravitite_hoe_repairing": {
    "criteria": {
      "has_the_recipe": "2024-07-14 20:08:53 -0400"
    },
    "done": true
  },
  "aether:recipes/tools/skyroot_hoe_repairing": {
    "criteria": {
      "has_the_recipe": "2024-07-14 20:08:53 -0400"
    },
    "done": true
  },
  "aether:recipes/decorations/skyroot_crafting_table": {
    "criteria": {
      "has_the_recipe": "2024-07-14 20:08:52 -0400"
    },
    "done": true
  },
  "travelersbackpack:recipes/travelersbackpack/gray_sleeping_bag": {
    "criteria": {
      "has_the_recipe": "2024-07-14 20:08:53 -0400"
    },
    "done": true
  },
  "aether:recipes/tools/cold_parachute": {
    "criteria": {
      "has_the_recipe": "2024-07-14 20:08:52 -0400"
    },
    "done": true
  },
  "aether:recipes/decorations/holystone_brick_wall": {
    "criteria": {
      "has_the_recipe": "2024-07-14 20:08:52 -0400"
    },
    "done": true
  },
  "aether:recipes/tools/netherite_axe_repairing": {
    "criteria": {
      "has_the_recipe": "2024-07-14 20:08:53 -0400"
    },
    "done": true
  },
  "travelersbackpack:recipes/travelersbackpack/villager_smithing": {
    "criteria": {
      "has_the_recipe": "2024-07-14 20:08:52 -0400"
    },
    "done": true
  },
  "aether:recipes/tools/zanite_shovel": {
    "criteria": {
      "has_the_recipe": "2024-07-14 20:08:52 -0400"
    },
    "done": true
  },
  "obs:tips/end": {
    "criteria": {
      "start": "2024-07-14 20:08:53 -0400"
    },
    "done": true
  },
  "travelersbackpack:recipes/travelersbackpack/cake_smithing": {
    "criteria": {
      "has_the_recipe": "2024-07-14 20:08:52 -0400"
    },
    "done": true
  },
  "aether:recipes/decorations/holystone_brick_wall_from_holystone_bricks_stonecutting": {
    "criteria": {
      "has_the_recipe": "2024-07-14 20:08:53 -0400"
    },
    "done": true
  },
  "travelersbackpack:recipes/travelersbackpack/fox_smithing": {
    "criteria": {
      "has_the_recipe": "2024-07-14 20:08:52 -0400"
    },
    "done": true
  },
  "aether:recipes/transportation/skyroot_chest_boat": {
    "criteria": {
      "has_the_recipe": "2024-07-14 20:08:52 -0400"
    },
    "done": true
  },
  "aether:recipes/decorations/icestone_wall": {
    "criteria": {
      "has_the_recipe": "2024-07-14 20:08:53 -0400"
    },
    "done": true
  },
  "aether:recipes/building_blocks/holystone_slab_from_holystone_stonecutting": {
    "criteria": {
      "has_the_recipe": "2024-07-14 20:08:53 -0400"
    },
    "done": true
  },
  "travelersbackpack:recipes/travelersbackpack/cake": {
    "criteria": {
      "has_the_recipe": "2024-07-14 20:08:52 -0400"
    },
    "done": true
  },
  "aether:recipes/redstone/skyroot_trapdoor": {
    "criteria": {
      "has_the_recipe": "2024-07-14 20:08:53 -0400"
    },
    "done": true
  },
  "aether:recipes/combat/leather_gloves_repairing": {
    "criteria": {
      "has_the_recipe": "2024-07-14 20:08:52 -0400"
    },
    "done": true
  },
  "aether:recipes/building_blocks/obsidian_from_bucket_freezing": {
    "criteria": {
      "has_the_recipe": "2024-07-14 20:08:52 -0400"
    },
    "done": true
  },
  "aether:recipes/combat/shield_repairing": {
    "criteria": {
      "has_the_recipe": "2024-07-14 20:08:52 -0400"
    },
    "done": true
  },
  "aether:recipes/building_blocks/mossy_holystone_with_moss": {
    "criteria": {
      "has_the_recipe": "2024-07-14 20:08:52 -0400"
    },
    "done": true
  },
  "aether:recipes/combat/blue_cape_cyan_wool": {
    "criteria": {
      "has_the_recipe": "2024-07-14 20:08:52 -0400"
    },
    "done": true
  },
  "aether:recipes/building_blocks/zanite_block": {
    "criteria": {
      "has_the_recipe": "2024-07-14 20:08:53 -0400"
    },
    "done": true
  },
  "aether:recipes/decorations/skyroot_jukebox": {
    "criteria": {
      "has_the_recipe": "2024-07-14 20:08:52 -0400"
    },
    "done": true
  },
  "aether:recipes/tools/gravitite_axe_repairing": {
    "criteria": {
      "has_the_recipe": "2024-07-14 20:08:52 -0400"
    },
    "done": true
  },
  "aether:recipes/decorations/holystone_stonecutter": {
    "criteria": {
      "has_the_recipe": "2024-07-14 20:08:53 -0400"
    },
    "done": true
  },
  "travelersbackpack:recipes/travelersbackpack/diamond": {
    "criteria": {
      "has_the_recipe": "2024-07-14 20:08:53 -0400"
    },
    "done": true
  },
  "aether:recipes/tools/skyroot_shovel": {
    "criteria": {
      "has_the_recipe": "2024-07-14 20:08:53 -0400"
    },
    "done": true
  },
  "aether:recipes/building_blocks/aerogel_slab": {
    "criteria": {
      "has_the_recipe": "2024-07-14 20:08:52 -0400"
    },
    "done": true
  },
  "aether:recipes/tools/netherite_shovel_repairing": {
    "criteria": {
      "has_the_recipe": "2024-07-14 20:08:52 -0400"
    },
    "done": true
  },
  "travelersbackpack:recipes/travelersbackpack/chicken": {
    "criteria": {
      "has_the_recipe": "2024-07-14 20:08:53 -0400"
    },
    "done": true
  },
  "aether:recipes/misc/ambrosium_shard_from_blasting": {
    "criteria": {
      "has_the_recipe": "2024-07-14 20:08:52 -0400"
    },
    "done": true
  },
  "aether:recipes/building_blocks/mossy_holystone_stairs": {
    "criteria": {
      "has_the_recipe": "2024-07-14 20:08:53 -0400"
    },
    "done": true
  },
  "aether:recipes/tools/diamond_hoe_repairing": {
    "criteria": {
      "has_the_recipe": "2024-07-14 20:08:52 -0400"
    },
    "done": true
  },
  "aether:recipes/combat/gravitite_helmet": {
    "criteria": {
      "has_the_recipe": "2024-07-14 20:08:52 -0400"
    },
    "done": true
  },
  "aether:recipes/combat/zanite_pendant": {
    "criteria": {
      "has_the_recipe": "2024-07-14 20:08:53 -0400"
    },
    "done": true
  },
  "aether:recipes/decorations/skyroot_grindstone_holystone_slab": {
    "criteria": {
      "has_the_recipe": "2024-07-14 20:08:53 -0400"
    },
    "done": true
  },
  "aether:recipes/building_blocks/pillar_top_from_angelic_stone_stonecutting": {
    "criteria": {
      "has_the_recipe": "2024-07-14 20:08:53 -0400"
    },
    "done": true
  },
  "aether:recipes/misc/enchanted_dart_shooter_enchanting": {
    "criteria": {
      "has_the_recipe": "2024-07-14 20:08:52 -0400"
    },
    "done": true
  },
  "aether:recipes/incubation/black_moa_incubation": {
    "criteria": {
      "has_the_recipe": "2024-07-14 20:08:52 -0400"
    },
    "done": true
  },
  "aether:recipes/building_blocks/pillar_from_angelic_stone_stonecutting": {
    "criteria": {
      "has_the_recipe": "2024-07-14 20:08:53 -0400"
    },
    "done": true
  },
  "aether:recipes/combat/zanite_pendant_repairing": {
    "criteria": {
      "has_the_recipe": "2024-07-14 20:08:52 -0400"
    },
    "done": true
  },
  "travelersbackpack:recipes/travelersbackpack/hay": {
    "criteria": {
      "has_the_recipe": "2024-07-14 20:08:53 -0400"
    },
    "done": true
  },
  "aether:recipes/misc/zanite_gemstone_from_zanite_block": {
    "criteria": {
      "has_the_recipe": "2024-07-14 20:08:52 -0400"
    },
    "done": true
  },
  "travelersbackpack:recipes/travelersbackpack/pumpkin": {
    "criteria": {
      "has_the_recipe": "2024-07-14 20:08:53 -0400"
    },
    "done": true
  },
  "aether:recipes/combat/diamond_gloves_repairing": {
    "criteria": {
      "has_the_recipe": "2024-07-14 20:08:53 -0400"
    },
    "done": true
  },
  "aether:recipes/combat/yellow_cape": {
    "criteria": {
      "has_the_recipe": "2024-07-14 20:08:52 -0400"
    },
    "done": true
  },
  "aether:recipes/combat/golden_pendant": {
    "criteria": {
      "has_the_recipe": "2024-07-14 20:08:53 -0400"
    },
    "done": true
  },
  "travelersbackpack:recipes/travelersbackpack/nether_smithing": {
    "criteria": {
      "has_the_recipe": "2024-07-14 20:08:52 -0400"
    },
    "done": true
  },
  "aether:recipes/tools/fishing_rod_repairing": {
    "criteria": {
      "has_the_recipe": "2024-07-14 20:08:53 -0400"
    },
    "done": true
  },
  "aether:recipes/combat/golden_gloves_repairing": {
    "criteria": {
      "has_the_recipe": "2024-07-14 20:08:52 -0400"
    },
    "done": true
  },
  "aether:recipes/building_blocks/quicksoil_glass_enchanting": {
    "criteria": {
      "has_the_recipe": "2024-07-14 20:08:52 -0400"
    },
    "done": true
  },
  "aether:recipes/misc/skyroot_stick": {
    "criteria": {
      "has_the_recipe": "2024-07-14 20:08:53 -0400"
    },
    "done": true
  },
  "aether:recipes/misc/ice_pendant_from_freezing": {
    "criteria": {
      "has_the_recipe": "2024-07-14 20:08:52 -0400"
    },
    "done": true
  },
  "travelersbackpack:recipes/travelersbackpack/quartz": {
    "criteria": {
      "has_the_recipe": "2024-07-14 20:08:52 -0400"
    },
    "done": true
  },
  "aether:recipes/tools/iron_hoe_repairing": {
    "criteria": {
      "has_the_recipe": "2024-07-14 20:08:52 -0400"
    },
    "done": true
  },
  "aether:recipes/misc/ambrosium_shard_from_smelting": {
    "criteria": {
      "has_the_recipe": "2024-07-14 20:08:53 -0400"
    },
    "done": true
  },
  "travelersbackpack:recipes/travelersbackpack/emerald_smithing": {
    "criteria": {
      "has_the_recipe": "2024-07-14 20:08:52 -0400"
    },
    "done": true
  },
  "aether:recipes/tools/diamond_shovel_repairing": {
    "criteria": {
      "has_the_recipe": "2024-07-14 20:08:53 -0400"
    },
    "done": true
  },
  "aether:recipes/tools/skyroot_axe_repairing": {
    "criteria": {
      "has_the_recipe": "2024-07-14 20:08:53 -0400"
    },
    "done": true
  },
  "aether:recipes/building_blocks/blue_ice_freezing": {
    "criteria": {
      "has_the_recipe": "2024-07-14 20:08:53 -0400"
    },
    "done": true
  },
  "aether:recipes/tools/holystone_axe": {
    "criteria": {
      "has_the_recipe": "2024-07-14 20:08:53 -0400"
    },
    "done": true
  },
  "aether:recipes/combat/zanite_leggings_repairing": {
    "criteria": {
      "has_the_recipe": "2024-07-14 20:08:52 -0400"
    },
    "done": true
  },
  "aether:recipes/building_blocks/icestone_stairs_from_icestone_stonecutting": {
    "criteria": {
      "has_the_recipe": "2024-07-14 20:08:53 -0400"
    },
    "done": true
  },
  "aether:recipes/tools/diamond_pickaxe_repairing": {
    "criteria": {
      "has_the_recipe": "2024-07-14 20:08:52 -0400"
    },
    "done": true
  },
  "travelersbackpack:recipes/travelersbackpack/blue_sleeping_bag": {
    "criteria": {
      "has_the_recipe": "2024-07-14 20:08:53 -0400"
    },
    "done": true
  },
  "travelersbackpack:recipes/travelersbackpack/skeleton_smithing": {
    "criteria": {
      "has_the_recipe": "2024-07-14 20:08:52 -0400"
    },
    "done": true
  },
  "travelersbackpack:recipes/travelersbackpack/ghast": {
    "criteria": {
      "has_the_recipe": "2024-07-14 20:08:53 -0400"
    },
    "done": true
  },
  "aether:recipes/tools/holystone_hoe_repairing": {
    "criteria": {
      "has_the_recipe": "2024-07-14 20:08:53 -0400"
    },
    "done": true
  },
  "aether:recipes/tools/nature_staff": {
    "criteria": {
      "has_the_recipe": "2024-07-14 20:08:52 -0400"
    },
    "done": true
  },
  "aether:recipes/tools/zanite_shovel_repairing": {
    "criteria": {
      "has_the_recipe": "2024-07-14 20:08:52 -0400"
    },
    "done": true
  },
  "aether:recipes/misc/zanite_gemstone_from_blasting": {
    "criteria": {
      "has_the_recipe": "2024-07-14 20:08:53 -0400"
    },
    "done": true
  },
  "aether:recipes/building_blocks/angelic_stairs": {
    "criteria": {
      "has_the_recipe": "2024-07-14 20:08:53 -0400"
    },
    "done": true
  },
  "aether:recipes/combat/zanite_sword": {
    "criteria": {
      "has_the_recipe": "2024-07-14 20:08:53 -0400"
    },
    "done": true
  },
  "aether:recipes/combat/skyroot_sword": {
    "criteria": {
      "has_the_recipe": "2024-07-14 20:08:52 -0400"
    },
    "done": true
  },
  "aether:recipes/redstone/holystone_button": {
    "criteria": {
      "has_the_recipe": "2024-07-14 20:08:52 -0400"
    },
    "done": true
  },
  "aether:recipes/combat/red_cape": {
    "criteria": {
      "has_the_recipe": "2024-07-14 20:08:53 -0400"
    },
    "done": true
  },
  "aether:recipes/combat/golden_gloves": {
    "criteria": {
      "has_the_recipe": "2024-07-14 20:08:52 -0400"
    },
    "done": true
  },
  "aether:recipes/tools/stone_pickaxe_repairing": {
    "criteria": {
      "has_the_recipe": "2024-07-14 20:08:52 -0400"
    },
    "done": true
  },
  "aether:recipes/decorations/skyroot_grindstone": {
    "criteria": {
      "has_the_recipe": "2024-07-14 20:08:53 -0400"
    },
    "done": true
  },
  "travelersbackpack:recipes/travelersbackpack/purple_sleeping_bag": {
    "criteria": {
      "has_the_recipe": "2024-07-14 20:08:52 -0400"
    },
    "done": true
  },
  "aether:recipes/building_blocks/hellfire_stone_from_light_hellfire_stone_stonecutting": {
    "criteria": {
      "has_the_recipe": "2024-07-14 20:08:53 -0400"
    },
    "done": true
  },
  "obs:tips/trader_2": {
    "criteria": {
      "start": "2024-07-14 20:08:53 -0400"
    },
    "done": true
  },
  "travelersbackpack:recipes/travelersbackpack/green_sleeping_bag_from_white_sleeping_bag": {
    "criteria": {
      "has_the_recipe": "2024-07-14 20:08:53 -0400"
    },
    "done": true
  },
  "travelersbackpack:recipes/travelersbackpack/sandstone": {
    "criteria": {
      "has_the_recipe": "2024-07-14 20:08:52 -0400"
    },
    "done": true
  },
  "travelersbackpack:recipes/travelersbackpack/hose": {
    "criteria": {
      "has_the_recipe": "2024-07-14 20:08:52 -0400"
    },
    "done": true
  },
  "travelersbackpack:recipes/travelersbackpack/coal": {
    "criteria": {
      "has_the_recipe": "2024-07-14 20:08:52 -0400"
    },
    "done": true
  },
  "aether:recipes/combat/netherite_gloves_repairing": {
    "criteria": {
      "has_the_recipe": "2024-07-14 20:08:53 -0400"
    },
    "done": true
  },
  "aether:recipes/combat/iron_boots_repairing": {
    "criteria": {
      "has_the_recipe": "2024-07-14 20:08:53 -0400"
    },
    "done": true
  },
  "travelersbackpack:recipes/travelersbackpack/magma_cube_smithing": {
    "criteria": {
      "has_the_recipe": "2024-07-14 20:08:52 -0400"
    },
    "done": true
  },
  "travelersbackpack:recipes/travelersbackpack/bookshelf": {
    "criteria": {
      "has_the_recipe": "2024-07-14 20:08:52 -0400"
    },
    "done": true
  },
  "aether:recipes/tools/iron_pickaxe_repairing": {
    "criteria": {
      "has_the_recipe": "2024-07-14 20:08:52 -0400"
    },
    "done": true
  },
  "aether:recipes/combat/gravitite_gloves": {
    "criteria": {
      "has_the_recipe": "2024-07-14 20:08:52 -0400"
    },
    "done": true
  },
  "travelersbackpack:recipes/travelersbackpack/snow": {
    "criteria": {
      "has_the_recipe": "2024-07-14 20:08:52 -0400"
    },
    "done": true
  },
  "aether:recipes/combat/golden_helmet_repairing": {
    "criteria": {
      "has_the_recipe": "2024-07-14 20:08:52 -0400"
    },
    "done": true
  },
  "aether:recipes/combat/zanite_ring_repairing": {
    "criteria": {
      "has_the_recipe": "2024-07-14 20:08:53 -0400"
    },
    "done": true
  },
  "travelersbackpack:recipes/travelersbackpack/hose_nozzle": {
    "criteria": {
      "has_the_recipe": "2024-07-14 20:08:52 -0400"
    },
    "done": true
  },
  "aether:recipes/redstone/skyroot_fence_gate": {
    "criteria": {
      "has_the_recipe": "2024-07-14 20:08:53 -0400"
    },
    "done": true
  },
  "travelersbackpack:recipes/travelersbackpack/netherite_tier_upgrade": {
    "criteria": {
      "has_the_recipe": "2024-07-14 20:08:52 -0400"
    },
    "done": true
  },
  "aether:recipes/tools/diamond_axe_repairing": {
    "criteria": {
      "has_the_recipe": "2024-07-14 20:08:53 -0400"
    },
    "done": true
  },
  "aether:recipes/building_blocks/blue_aercloud_freezing": {
    "criteria": {
      "has_the_recipe": "2024-07-14 20:08:53 -0400"
    },
    "done": true
  },
  "aether:recipes/building_blocks/icestone_slab_from_icestone_stonecutting": {
    "criteria": {
      "has_the_recipe": "2024-07-14 20:08:52 -0400"
    },
    "done": true
  },
  "travelersbackpack:recipes/travelersbackpack/standard": {
    "criteria": {
      "has_the_recipe": "2024-07-14 20:08:53 -0400"
    },
    "done": true
  },
  "aether:recipes/redstone/swet_sticky_piston": {
    "criteria": {
      "has_the_recipe": "2024-07-14 20:08:52 -0400"
    },
    "done": true
  },
  "aether:recipes/combat/zanite_gloves_repairing": {
    "criteria": {
      "has_the_recipe": "2024-07-14 20:08:53 -0400"
    },
    "done": true
  },
  "aether:recipes/tools/golden_pickaxe_repairing": {
    "criteria": {
      "has_the_recipe": "2024-07-14 20:08:53 -0400"
    },
    "done": true
  },
  "aether:recipes/combat/iron_chestplate_repairing": {
    "criteria": {
      "has_the_recipe": "2024-07-14 20:08:53 -0400"
    },
    "done": true
  },
  "travelersbackpack:recipes/travelersbackpack/magma_cube": {
    "criteria": {
      "has_the_recipe": "2024-07-14 20:08:53 -0400"
    },
    "done": true
  },
  "travelersbackpack:recipes/travelersbackpack/melon": {
    "criteria": {
      "has_the_recipe": "2024-07-14 20:08:53 -0400"
    },
    "done": true
  },
  "travelersbackpack:recipes/travelersbackpack/melon_smithing": {
    "criteria": {
      "has_the_recipe": "2024-07-14 20:08:53 -0400"
    },
    "done": true
  },
  "travelersbackpack:recipes/travelersbackpack/blaze_smithing": {
    "criteria": {
      "has_the_recipe": "2024-07-14 20:08:53 -0400"
    },
    "done": true
  },
  "aether:recipes/decorations/aerogel_wall_from_aerogel_stonecutting": {
    "criteria": {
      "has_the_recipe": "2024-07-14 20:08:52 -0400"
    },
    "done": true
  },
  "travelersbackpack:recipes/travelersbackpack/cactus_smithing": {
    "criteria": {
      "has_the_recipe": "2024-07-14 20:08:52 -0400"
    },
    "done": true
  },
  "aether:recipes/building_blocks/angelic_stairs_from_angelic_stone_stonecutting": {
    "criteria": {
      "has_the_recipe": "2024-07-14 20:08:53 -0400"
    },
    "done": true
  },
  "aether:recipes/combat/gravitite_leggings_repairing": {
    "criteria": {
      "has_the_recipe": "2024-07-14 20:08:53 -0400"
    },
    "done": true
  },
  "aether:recipes/combat/diamond_chestplate_repairing": {
    "criteria": {
      "has_the_recipe": "2024-07-14 20:08:52 -0400"
    },
    "done": true
  },
  "aether:recipes/tools/zanite_hoe": {
    "criteria": {
      "has_the_recipe": "2024-07-14 20:08:53 -0400"
    },
    "done": true
  },
  "travelersbackpack:recipes/travelersbackpack/iron": {
    "criteria": {
      "has_the_recipe": "2024-07-14 20:08:53 -0400"
    },
    "done": true
  },
  "aether:recipes/tools/skyroot_pickaxe_repairing": {
    "criteria": {
      "has_the_recipe": "2024-07-14 20:08:52 -0400"
    },
    "done": true
  },
  "travelersbackpack:recipes/travelersbackpack/spider_smithing": {
    "criteria": {
      "has_the_recipe": "2024-07-14 20:08:53 -0400"
    },
    "done": true
  },
  "aether:recipes/building_blocks/holystone_brick_stairs_from_holystone_stonecutting": {
    "criteria": {
      "has_the_recipe": "2024-07-14 20:08:52 -0400"
    },
    "done": true
  },
  "aether:recipes/decorations/skyroot_chest": {
    "criteria": {
      "has_the_recipe": "2024-07-14 20:08:53 -0400"
    },
    "done": true
  },
  "travelersbackpack:recipes/travelersbackpack/purple_sleeping_bag_from_white_sleeping_bag": {
    "criteria": {
      "has_the_recipe": "2024-07-14 20:08:52 -0400"
    },
    "done": true
  },
  "travelersbackpack:recipes/travelersbackpack/orange_sleeping_bag_from_white_sleeping_bag": {
    "criteria": {
      "has_the_recipe": "2024-07-14 20:08:52 -0400"
    },
    "done": true
  },
  "travelersbackpack:recipes/travelersbackpack/enderman": {
    "criteria": {
      "has_the_recipe": "2024-07-14 20:08:52 -0400"
    },
    "done": true
  },
  "aether:recipes/combat/golden_dart": {
    "criteria": {
      "has_the_recipe": "2024-07-14 20:08:52 -0400"
    },
    "done": true
  },
  "aether:recipes/building_blocks/ambrosium_block": {
    "criteria": {
      "has_the_recipe": "2024-07-14 20:08:53 -0400"
    },
    "done": true
  },
  "aether:recipes/misc/aether_iron_nugget_from_smelting": {
    "criteria": {
      "has_the_recipe": "2024-07-14 20:08:53 -0400"
    },
    "done": true
  },
  "aether:recipes/building_blocks/golden_aercloud_enchanting": {
    "criteria": {
      "has_the_recipe": "2024-07-14 20:08:52 -0400"
    },
    "done": true
  },
  "aether:recipes/combat/poison_dart": {
    "criteria": {
      "has_the_recipe": "2024-07-14 20:08:52 -0400"
    },
    "done": true
  },
  "aether:recipes/tools/golden_axe_repairing": {
    "criteria": {
      "has_the_recipe": "2024-07-14 20:08:52 -0400"
    },
    "done": true
  },
  "aether:recipes/misc/book_of_lore": {
    "criteria": {
      "has_the_recipe": "2024-07-14 20:08:53 -0400"
    },
    "done": true
  },
  "travelersbackpack:recipes/travelersbackpack/lime_sleeping_bag_from_white_sleeping_bag": {
    "criteria": {
      "has_the_recipe": "2024-07-14 20:08:53 -0400"
    },
    "done": true
  },
  "aether:recipes/food/enchanted_berry_enchanting": {
    "criteria": {
      "has_the_recipe": "2024-07-14 20:08:52 -0400"
    },
    "done": true
  },
  "aether:recipes/building_blocks/holystone_brick_stairs_from_holystone_bricks_stonecutting": {
    "criteria": {
      "has_the_recipe": "2024-07-14 20:08:53 -0400"
    },
    "done": true
  },
  "aether:recipes/combat/iron_leggings_repairing": {
    "criteria": {
      "has_the_recipe": "2024-07-14 20:08:53 -0400"
    },
    "done": true
  },
  "aether:recipes/building_blocks/aerogel_slab_from_aerogel_stonecutting": {
    "criteria": {
      "has_the_recipe": "2024-07-14 20:08:52 -0400"
    },
    "done": true
  },
  "aether:recipes/tools/gravitite_shovel_repairing": {
    "criteria": {
      "has_the_recipe": "2024-07-14 20:08:53 -0400"
    },
    "done": true
  },
  "travelersbackpack:recipes/travelersbackpack/cyan_sleeping_bag": {
    "criteria": {
      "has_the_recipe": "2024-07-14 20:08:53 -0400"
    },
    "done": true
  },
  "travelersbackpack:recipes/travelersbackpack/light_gray_sleeping_bag_from_white_sleeping_bag": {
    "criteria": {
      "has_the_recipe": "2024-07-14 20:08:53 -0400"
    },
    "done": true
  },
  "travelersbackpack:recipes/travelersbackpack/blaze": {
    "criteria": {
      "has_the_recipe": "2024-07-14 20:08:53 -0400"
    },
    "done": true
  },
  "travelersbackpack:recipes/travelersbackpack/nether": {
    "criteria": {
      "has_the_recipe": "2024-07-14 20:08:52 -0400"
    },
    "done": true
  },
  "aether:recipes/tools/iron_shovel_repairing": {
    "criteria": {
      "has_the_recipe": "2024-07-14 20:08:53 -0400"
    },
    "done": true
  },
  "aether:recipes/combat/leather_helmet_repairing": {
    "criteria": {
      "has_the_recipe": "2024-07-14 20:08:53 -0400"
    },
    "done": true
  },
  "aether:recipes/decorations/altar": {
    "criteria": {
      "has_the_recipe": "2024-07-14 20:08:52 -0400"
    },
    "done": true
  },
  "aether:recipes/combat/zanite_helmet": {
    "criteria": {
      "has_the_recipe": "2024-07-14 20:08:53 -0400"
    },
    "done": true
  },
  "aether:recipes/misc/high_freezing": {
    "criteria": {
      "has_the_recipe": "2024-07-14 20:08:52 -0400"
    },
    "done": true
  },
  "travelersbackpack:recipes/travelersbackpack/netherite": {
    "criteria": {
      "has_the_recipe": "2024-07-14 20:08:53 -0400"
    },
    "done": true
  },
  "aether:recipes/combat/zanite_ring": {
    "criteria": {
      "has_the_recipe": "2024-07-14 20:08:52 -0400"
    },
    "done": true
  },
  "aether:recipes/combat/iron_gloves_repairing": {
    "criteria": {
      "has_the_recipe": "2024-07-14 20:08:53 -0400"
    },
    "done": true
  },
  "aether:recipes/tools/wooden_axe_repairing": {
    "criteria": {
      "has_the_recipe": "2024-07-14 20:08:53 -0400"
    },
    "done": true
  },
  "obs:tips/recipes": {
    "criteria": {
      "start": "2024-07-14 20:08:53 -0400"
    },
    "done": true
  },
  "aether:recipes/building_blocks/holystone_bricks_from_holystone_stonecutting": {
    "criteria": {
      "has_the_recipe": "2024-07-14 20:08:52 -0400"
    },
    "done": true
  },
  "DataVersion": 3120
}